название;тип;адрес;телефон;сайт
Детский сад Magic Castle International School;Детский сад, ясли, центр развития ребёнка, курсы иностранных языков;Лихов пер., 3, стр. 2, Москва;8 (800) 511-20-16;kidclub.xbridge.ru
Территория Счастливого Детства;Детский сад, ясли, центр развития ребёнка, курсы иностранных языков;ул. Фадеева, 4А, Москва;+7 (495) 118-22-23;tsdkids.ru
Детский сад Kidsberry;Детский сад, ясли, начальная школа, частная школа;Хлебный пер., 2/3с2, Москва;+7 (958) 100-15-97;kidzberry.ru
Magic Castle;Детский сад, ясли, центр развития ребёнка, курсы иностранных языков;пер. Чернышевского, 4, стр. 1, Москва;8 (800) 511-20-16;kidclub.xbridge.ru
Smile Fish;Детский сад, ясли, центр развития ребёнка;Малая Грузинская ул., 29, Москва;+7 (925) 333-33-10;smilefish.ru
Каруселька;Детский сад, ясли, центр развития ребёнка;просп. Мира, 71, стр. 5, Москва;+7 (939) 111-53-76;karuselkaclub.ru
Мир Интеллекта;Частная школа, детский сад, ясли, центр развития ребёнка;Тихвинский пер., 7А, стр. 1, Москва;+7 (495) 645-05-33;mirintellekta.ru
Частное дошкольное образовательное учреждение детский сад № 37 Российские Железные Дороги;Детский сад, ясли;Трифоновская ул., 51А, стр. 2, Москва;+7 (495) 684-40-74;ds37rzhd.ru
Горница-Узорница;Детский сад, ясли;ул. Сергея Макеева, 9, Москва;8 (800) 555-95-16;gornica-uzornica.ru
Los ninos;Детский сад, ясли, клуб для детей и подростков, центр развития ребёнка;Большая Грузинская ул., 40, корп. 1, Москва;+7 (977) 943-82-80;losninos.ru
Sun School;Детский сад, ясли;просп. Мира, 81, Москва;8 (800) 775-60-47;sunschool.ru
Smile Fish;Детский сад, ясли, центр развития ребёнка;Беговая ул., 16, Москва;+7 (925) 333-33-10;smilefish.ru
5 Green;Детский сад, ясли, центр развития ребёнка, курсы иностранных языков;Ходынский бул., 5, корп. 4, Москва;+7 (495) 646-50-07;www.5green.ru
Планета детства;Детский сад, ясли, центр развития ребёнка, дополнительное образование;5-й Монетчиковский пер., 12, стр. 1, Москва;+7 (495) 953-10-69;detstva-centr.ru
Логопедический садик Радость;Детский сад, ясли, логопеды, центр развития ребёнка;просп. Гагарина, 14, микрорайон Красная Горка, Люберцы;+7 (499) 325-35-78;sadik-rad.ru
Частный детский сад Аксиом;Детский сад, ясли, клуб для детей и подростков, центр развития ребёнка;ул. Грина, 34, Москва;+7 (904) 568-19-88;campus-aksiom.ru
Оранжевый жираф;Детский сад, ясли, логопеды, центр развития ребёнка;ул. Москворечье, 4, корп. 6, Москва;+7 (495) 108-42-58;orangesadik.ru
Частный детский сад Rainbow;Детский сад, ясли, логопеды, центр развития ребёнка;256, СНТ Гавриково-1;+7 (499) 653-74-73;частный-детский-сад-бутово.рф
Школа Бенуа;Детский сад, ясли, логопеды, центр развития ребёнка;Братиславская ул., 34, корп. 2, Москва;+7 (904) 567-00-54;benuariya.ru
Академическая гимназия, детский сад;Детский сад, ясли, начальная школа, детский лагерь отдыха;Малая Тульская ул., 7, Москва;+7 (499) 444-66-14;academ-school.ru
Петровская школа;Частная школа, центр развития ребёнка, детский сад, ясли;ул. Юннатов, 1, Москва;+7 (495) 612-41-84;petrovskaja-school.ru
Гнёздышко;Детский сад, ясли, начальная школа, услуги репетиторов;1-й Поперечный пер., 5А, микрорайон Салтыковка, Балашиха;+7 (915) 258-52-42;sad-gnezdyshko.ru
Планета друзей;Детский сад, ясли, центр развития ребёнка;110, д. Павлино;+7 (916) 408-82-82;planeta-druzei.ru
Волшебный Ключ;Детский сад, ясли, клуб для детей и подростков, центр развития ребёнка;ул. Рокотова, 10, корп. 2, Москва;+7 (499) 325-41-16;www.vklu.ru
Частный детский сад и детский центр Чудо-Остров;Детский сад, ясли, центр развития ребёнка, дополнительное образование;Сиреневый бул., 62, корп. 1, Москва;+7 (499) 394-55-43;www.chudo-shkola.ru
Детский сад Kid's Wonderland;Детский сад, ясли, логопеды, центр развития ребёнка;1А/1, д. Рассказовка;+7 (929) 569-08-38;kidswonderland.ru
Мой садик ИдеЯ!;Детский сад, ясли, центр развития ребёнка;ул. Вертолётчиков, 9, корп. 2, Москва;+7 (495) 532-06-78;мойсадикидея.рф
Частный детский сад Мой гений;Детский сад, ясли, логопеды, центр развития ребёнка;бул. Космонавтов, 1, Красногорск;+7 (916) 430-57-57;geniy-expert.ru
Академическая гимназия, детский сад;Детский сад, ясли, клуб для детей и подростков, центр развития ребёнка;Большая Черёмушкинская ул., 15А, Москва;+7 (499) 444-66-14;academ-school.ru
Алые Паруса;Детский сад, ясли, детский лагерь отдыха;пр. Шокальского, 31, корп. 1, Москва;+7 (958) 100-04-19;luckychildren.ru
Smile Fish;Детский сад, ясли, центр развития ребёнка;Беговая ул., 6, корп. 3, Москва;+7 (925) 333-33-10;smilefish.ru
Академия развития;Частная школа, центр развития ребёнка, детский сад, ясли;Керамический пр., 71, корп. 3, Москва;+7 (495) 484-70-27;www.akademrazvitiya.ru
AcademKids;Детский сад, ясли, логопеды, центр развития ребёнка;Высоковольтный пр., 5А, Москва;+7 (904) 567-36-01;otradnoe.academkids.ru
Английский детский сад Funny Star;Детский сад, ясли, центр развития ребёнка;Тихий пер., 2, д. Грибки;+7 (977) 099-75-51;funnystar-sad.ru
Детсткий сад Жемчужинка, АНО ДОО Мир Детства;Детский сад, ясли, центр развития ребёнка, детский лагерь отдыха;Златоустовская ул., 1, Москва;+7 (495) 775-10-55;www.anomir.ru
Детский сад Солнечный Город;Детский сад, ясли, центр развития ребёнка;Никольская ул., 78, Балашиха;+7 (985) 200-00-78;www.sun-city.me
Рюкзачок;Детский сад, ясли, детские игровые залы и площадки, центр развития ребёнка;ул. Александры Монаховой, 98, корп. 1, посёлок Коммунарка;+7 (999) 444-65-28;www.sad-rukzachok.ru
Земляне;Частная школа, игровая комната, центр развития ребёнка, детский сад, ясли;Кочновский пр., 4, корп. 2, Москва;+7 (499) 404-14-11;taplink.cc
Хагварт;Детский сад, ясли;Долгопрудная аллея, дв1к60, Москва;+7 (495) 248-00-00;hagwart.ru
Гулливер;Детский сад, ясли;Ясеневая ул., 34, корп. 3, Москва;+7 (901) 257-72-95;www.nougulliver.ru
Волшебная страна;Детский сад, ясли;Лукинская ул., 8, корп. 1, Москва;+7 (925) 300-11-99;detsadvs.ru
Феникс;Частная школа, центр развития ребёнка, детский сад, ясли;Варшавское ш., 141А, корп. 6, Москва;+7 (495) 185-00-43;фениксаннино.москва
Частный детский сад ВинниПух Ясенево;Детский сад, ясли;Вильнюсская ул., 3, корп. 1, Москва;+7 (926) 212-29-49;www.vinnipuhsad.ru.com
Частный детский сад Счастливое детство;Детский сад, ясли, организация и проведение детских праздников, центр развития ребёнка;Трубецкая ул., 56А, Балашиха;+7 (499) 391-37-39;www.happy-kids.club
Частный детский сад English Montessori Kindergarten;Детский сад, ясли, логопеды, центр развития ребёнка;Погонный пр., 3А, корп. 1, Москва;+7 (939) 555-70-39;city-kindergarten.ru
Smile Fish;Детский сад, ясли, центр развития ребёнка;Шмитовский пр., 9/5, Москва;+7 (925) 333-33-10;smilefish.ru
Kinder School;Детский сад, ясли, центр развития ребёнка;Бескудниковский бул., 6, корп. 2, Москва;+7 (919) 964-57-76;www.kinderschooll.ru
Совёнок;Детский сад, ясли, логопеды, центр развития ребёнка;ул. Колпакова, 24, Мытищи;+7 (905) 775-06-27;sowl.ru
Частный детский сад Непоседы;Детский сад, ясли;Триумфальная ул., 1, Одинцово;+7 (985) 275-39-16;neposedy-sad.ru
Baby Dreams;Детский сад, ясли, центр развития ребёнка;Россия, Москва, поселение Внуковское, улица Лётчика Грицевца, 6;+7 (965) 111-44-66;babydreams.msk.ru
Частный детский сад Любопытный Апельсин;Детский сад, ясли, логопеды, центр развития ребёнка;158Б, СНТ Гавриково-1;+7 (904) 567-32-44;l-ap.ru
Частный детский сад и детский центр Оливер;Детский сад, ясли, клуб для детей и подростков, центр развития ребёнка;ул. Говорова, 28, Одинцово;+7 (968) 764-44-61;www.oliverkids.ru
Вaby Teddy;Детский сад, ясли, центр развития ребёнка, дополнительное образование;Узорная ул., 46, д. Покровское;+7 (999) 099-92-02;baby-teddy.club
Smile Fish;Детский сад, ясли, центр развития ребёнка;ул. Константинова, 30, Москва;+7 (925) 333-33-10;smilefish.ru
Baby-Family;Детский сад, ясли, центр развития ребёнка;Беломорская ул., 18А, корп. 2, Москва;+7 (963) 925-53-51;baby-family.ru
Детский сад № 36 РЖД;Детский сад, ясли;1-й Лучевой просек, 12, Москва;+7 (499) 268-62-96;sad36rzhd.mskobr.ru
Частный детский сад Бэби Бум;Детский сад, ясли, логопеды, центр развития ребёнка;ул. Поповка, 30А, микрорайон Салтыковка, Балашиха;+7 (916) 888-98-69;бэбибум.рус
Филиппок;Детский сад, ясли, центр развития ребёнка;Молодёжная ул., 4, посёлок Отрадное;+7 (967) 069-53-94;filipp-ok.ru
Частный детский сад Непоседы;Детский сад, ясли;ул. Маршала Неделина, 7А, Одинцово;+7 (985) 275-39-16;neposedy-sad.ru
Частный детский сад Лидер;Детский сад, ясли, логопеды, центр развития ребёнка;Санаторная ул., 7, посёлок Поведники;+7 (985) 226-98-28;dslider.ru
Теремок;Детский сад, ясли, детский лагерь отдыха, курсы иностранных языков;Школьная ул., 31, село Ям;+7 (915) 433-33-62;deti-teremok.ru
SmartKids;Детский сад, ясли, клуб для детей и подростков, центр развития ребёнка;Родниковая ул., 35, рабочий посёлок Нахабино;+7 (901) 336-35-39;detsad-nahabino.ru
Частный детский сад Обучайка;Детский сад, ясли, логопеды, центр развития ребёнка;Гурьевский пр., 27, корп. 2, Москва;+7 (904) 567-60-41;sadobuchayka.ru
Жар-Птица;Детский сад, ясли, частная школа;ул. Тургенева, 9А, Пушкино;+7 (499) 347-30-51 (доб. 89165554441);fb-sad.ru
Частный детский сад и клуб творческого развития Монморенси;Детский сад, ясли, центр развития ребёнка;124, СНТ Гавриково;+7 (995) 655-77-20;солнышкосадик.рф
The Домик;Детский сад, ясли, центр развития ребёнка, детский лагерь отдыха;181, СНТ Гавриково;+7 (985) 184-28-86;thedomikdetskiysad.wixsite.com
Почемучка;Детский сад, ясли, центр развития ребёнка, дополнительное образование;Московская ул., 2, микрорайон Железнодорожный, Балашиха;+7 (495) 786-26-67;ds-pochemuchka.ru
Дивный сад;Детский сад, ясли, начальная школа, дополнительное образование;Конная ул., 28, д. Падиково;+7 (926) 055-39-25;divniysadik.com
Зеленый Берег;Детский сад, ясли, частная школа;Набережная ул., 10, д. Чиверёво;+7 (926) 597-35-64;greenbereg.ru
Возможность;Частная школа, детский сад, ясли;36, микрорайон Ковровый, Котельники;+7 (495) 559-73-36;www.cior.ru
Ясельки;Детский сад, ясли, логопеды, центр развития ребёнка;Каширское ш., 148, корп. 1, Москва;+7 (977) 801-40-84;yaselki.club
Островок;Детский сад, ясли, логопеды, детский лагерь отдыха;Сиреневый бул., 44А, Москва;+7 (903) 130-30-90;www.ostrovokmsk.ru
Монтессори-усадьба Солнышко;Центр развития ребёнка, детский сад, ясли, частная школа;Адмиральская ул., 20, д. Грибки;+7 (901) 147-70-72;montessorihouse.ru
Частный детский центр Кливия;Детский сад, ясли, центр развития ребёнка;Пионерская ул., 1, Ивантеевка;+7 (925) 060-09-10;кливия.рф
БэмбиК;Детский сад, ясли, учебный центр;Луговая ул., 2, д. Рыбаки, коттеджный посёлок Заповедное Озеро;+7 (926) 990-88-33;www.bembik-sadik.ru
Город Детства;Детский сад, ясли;ул. Рублёвское Предместье, 7, корп. 3, д. Глухово;+7 (985) 996-72-20;www.ostrov-detstva.com
ProГимназия Carden;Детский сад, ясли, центр развития ребёнка, дополнительное образование;Дарьинская ул., 2, микрорайон Опалиха, Красногорск;+7 (499) 991-19-16;progimnazia.ru
Мой Ангел;Детский сад, ясли, клуб для детей и подростков, центр развития ребёнка;Центральная ул., 4, Лобня;+7 (926) 035-24-04;www.b-angel.ru
Частный детский сад Бэби Лидер;Детский сад, ясли, центр развития ребёнка;ул. Липовый Парк, 9, посёлок Коммунарка;+7 (901) 348-58-35;baby-lider.ru
Sun School;Детский сад, ясли;с1, д. Летово, коттеджный посёлок Бельгийская д.;8 (800) 775-60-47;sunschool.ru
Baby Way;Детский сад, ясли, центр развития ребёнка, дополнительное образование;Россия, Москва, поселение Десёновское, Чароитовая улица, 1;+7 (916) 739-60-95;mybabyway.ru
Детский сад Little Person;Детский сад, ясли, центр развития ребёнка, курсы иностранных языков;Старое Дмитровское ш., 15, корп. 2, Долгопрудный;+7 (495) 579-25-99;www.ilovelp.ru
Академкидс;Детский сад, ясли, бассейн, центр развития ребёнка;Россия, Москва, поселение Сосенское, Николо-Хованская улица, 26А;+7 (926) 011-86-91;academkids.ru
Частный детский сад Rainbow;Детский сад, ясли, центр развития ребёнка, дополнительное образование;Сентябрьская ул., 10, дачный посёлок Кокошкино;+7 (499) 938-45-24;частный-детский-сад-кокошкино.рф
Kidschool;Детский сад, ясли, детский лагерь отдыха, частная школа;50, д. Губкино;+7 (985) 310-00-32;www.kidschool.ru
Bambiliani;Детский сад, ясли, клуб для детей и подростков, центр развития ребёнка;ул. Чехова, 1, корп. 1, Пушкино;+7 (916) 792-74-52;bambiliani.ru
Kinder Garden;Детский сад, ясли, центр развития ребёнка;Жулебинский бул., 5, Москва;+7 (910) 431-42-22;kindergarden.moscow
Сеть частных детских садов ''Наши детки'' Преображенская;Детский сад, ясли;Преображенская ул., 13, Люберцы;+7 (499) 211-10-11;нашидетки.рус
Mimi Kids;Детский сад, ясли, домашний персонал, дополнительное образование;Рижская ул., 2А, дачный посёлок Снегири;+7 (901) 147-96-46;ёжики-сад.рф
Наши Детки;Детский сад, ясли, центр развития ребёнка;ул. Авиаторов, 4, корп. 2, 115-й квартал, Люберцы;+7 (499) 211-10-11;нашидетки.рус
Bright Baby;Детский сад, ясли, центр развития ребёнка;Россия, Москва, поселение Сосенское, улица Александры Монаховой, 109, корп. 3;+7 (925) 484-68-78;www.bright-baby.ru
Лучшее время;Детский сад, ясли, центр развития ребёнка;Озёрная ул., 154, микрорайон Золотые Купола, д. Голиково;+7 (495) 743-95-98;umkin.com
Сказочный Садик;Детский сад, ясли, клуб для детей и подростков, центр развития ребёнка;Спортивный пр., 3, корп. 2, д. Зимёнки, коттеджный посёлок Антоновка;+7 (495) 369-90-43;частный-детский-сад-антоновка.рф
Agile Kids;Детский сад, ясли, логопеды, центр развития ребёнка;Россия, Москва, поселение Внуковское, улица Бориса Пастернака, 43;+7 (904) 568-16-91;agile-kids-chastnyj-detskij-sad.ru
ФилиБоНик;Частная школа, детский сад, ясли;Советская ул., 11Б, село Дубки;+7 (916) 421-34-52;www.филибоник.рф
Ягодки First;Детский сад, ясли, центр развития ребёнка, детский лагерь отдыха;31В, д. Ватутинки;+7 (985) 502-44-19;yagodki-sad.ru
Монтессори-сад Стеша;Детский сад, ясли, логопеды, центр развития ребёнка;Россия, Москва, поселение Сосенское, улица Александры Монаховой, 95, корп. 2;+7 (901) 259-89-12;stesha.site
Частный детский сад Glory Kids;Детский сад, ясли, центр развития ребёнка, дополнительное образование;ул. Чистяковой, 58, Одинцово;+7 (499) 350-07-75;glorykids.pro
Sun School;Детский сад, ясли;ул. Карла Либкнехта, 42, рабочий посёлок Малаховка;8 (800) 775-60-47;sunschool.ru
Детская страна;Детский сад, ясли;20, стр. 1, коттеджный посёлок Академия Парк;+7 (915) 147-49-99;akademiyapark.detskaystrana.ru
Частный детский сад Glory Kids;Детский сад, ясли, центр развития ребёнка;Георгиевская ул., 13, микрорайон Град Московский, Московский;+7 (499) 350-07-75;glorykids.pro
Мой садик 2;Детский сад, ясли;Ясеневая ул., 12, корп. 2, Москва;+7 (905) 534-63-40;мой-садик.рф
Sun School;Детский сад, ясли, клуб для детей и подростков, центр развития ребёнка;ул. Адмирала Лазарева, 63, корп. 1, Москва;8 (800) 775-60-47;sunschool.ru
Baby Teddy;Детский сад, ясли, центр развития ребёнка, курсы иностранных языков;Вознесенская ул., 111А, коттеджный посёлок Старый Свет;+7 (999) 099-92-04;baby-teddy.club
Знайка;Детский сад, ясли;Широкая ул., 91, Щёлково;+7 (496) 562-63-46;centerznaika.ru
Детский сад Бублик;Детский сад, ясли, центр развития ребёнка;Набережная ул., 21, корп. 1, Долгопрудный;+7 (985) 338-22-31;sad-bublik.ru
Детский Монтессори центр Крепыш;Детский сад, ясли, центр развития ребёнка;Советская ул., 14, рабочий посёлок Малаховка;+7 (926) 220-35-87;www.mala7.ru
Cosmo Сад;Детский сад, ясли;к354, Зеленоград;+7 (977) 326-41-26;cosmo-cad.ru
Космовенок;Детский сад, ясли, клуб для детей и подростков, центр развития ребёнка, детский лагерь отдыха;ул. Добролюбова, 20, Пушкино;+7 (966) 015-48-48;www.kosmovenok.ru
Ми-ми-мишка;Детский сад, ясли, центр развития ребёнка;Автозаводская ул., 6, стр. 1, микрорайон Железнодорожный, Балашиха;+7 (916) 390-92-97;mimimishka.club
Дети дома;Детский сад, ясли;Перовская ул., 38, корп. 3, Москва;+7 (915) 395-74-96;deti-doma77.ru
Детский сад-ясли Лесная сказка;Детский сад, ясли, центр развития ребёнка;ул. Пограничников, 45, микрорайон Валентиновка, Королёв;+7 (495) 220-99-59;www.detsadkorolev.ru
Академия на полянке;Детский сад, ясли, клуб для детей и подростков, центр развития ребёнка;Луговая ул., 17, посёлок Быково;+7 (939) 555-46-10;academ-club.ru
Монтессори Лицей Da Vinci;Частная школа, детский сад, ясли, детский лагерь отдыха;Радужная ул., 295, д. Трубачеевка;+7 (499) 391-97-95;davincischool.ru
Частный детский сад Джем;Детский сад, ясли, центр развития ребёнка;ул. Горького, 24, Фрязино;+7 (926) 651-08-45;justjam.ru
Частный детский сад Гномик;Центр развития ребёнка, клуб для детей и подростков, детский сад, ясли;ул. Свердлова, 46, Балашиха;+7 (498) 303-93-99;gnomik-detsad.ru
Страна Открытий;Детский сад, ясли, центр развития ребёнка;Петровский пр., 22, район Расторгуево, Видное;+7 (903) 768-30-00;stranavidnoe.ru
AcademKids;Детский сад, ясли, логопеды, центр развития ребёнка;Россия, Москва, поселение Внуковское, бульвар Андрея Тарковского, 5А;+7 (904) 567-35-28;academkids.ru
Дети дома;Детский сад, ясли;Школьная ул., 9, рабочий посёлок Нахабино;+7 (966) 195-52-08;deti-doma77.ru
Мини-сад Yes!;Детский сад, ясли, клуб для детей и подростков, центр развития ребёнка;Россия, Москва, поселение Сосенское, бульвар Веласкеса, 4;+7 (915) 390-57-18;sad-yes.ru
Бэби-клуб;Детский сад, ясли, клуб для детей и подростков, центр развития ребёнка;к2024, Зеленоград;8 (800) 100-20-24;baby-club.ru
BabyШале;Детский сад, ясли, центр развития ребёнка;ул. Микояна, 10, корп. 8, микрорайон Сходня, Химки;+7 (925) 870-53-72;www.babyshale.ru
Монтессори NaVi;Детский сад, ясли, частная школа;163, д. Картмазово;+7 (909) 910-31-31;navischool.ru
Частный детский сад Времена года;Детский сад, ясли, логопеды, центр развития ребёнка;ул. Академика Пилюгина, 22, корп. 1, Москва;+7 (904) 567-30-74;sad-detey.ru
Частный садик Дивный Сад;Детский сад, ясли;Покровский бул., 33, д. Покровское;+7 (926) 055-39-25;divniysadik.com
ТалантСити;Детский сад, ясли, дополнительное образование, частная школа;Владимирская ул., 1А, дачный посёлок Поварово;+7 (495) 298-80-09;talantcity.ru
Звездочка;Детский сад, ясли, логопеды, организация и проведение детских праздников;ул. Некрасова, 6, микрорайон Железнодорожный, Балашиха;+7 (925) 642-22-17;studiadetstva.ru
Зайка;Детский сад, ясли;ул. Кирова, 9, корп. 3, Люберцы;+7 (495) 055-48-50;sadzaika.ru
Сказочный Домик;Детский сад, ясли, центр развития ребёнка;ул. Просвещения, 11, корп. 3, Пушкино;+7 (909) 962-03-48;www.detsad-sd.ru
Частный детский Ibambini”;Детский сад, ясли, центр развития ребёнка, дополнительное образование;Лесная ул., 2, Фрязино;+7 (929) 925-58-78;www.ibambini.ru
Монтессори детский сад Casa Dei Bambini XXI;Детский сад, ясли, клуб для детей и подростков, центр развития ребёнка;Западная ул., 126, коттеджный посёлок Русская Деревня;+7 (904) 568-34-73;casadeibambini21.ru
Клевер;Детский сад, ясли, клуб досуга;Рождественская ул., 6, микрорайон Железнодорожный, Балашиха;+7 (925) 313-44-04;www.sadklever.ru
Частный детский сад Росинка;Детский сад, ясли, логопеды, центр развития ребёнка;Берёзовая ул., 9, Видное;+7 (904) 567-33-26;нашаросинка.рф
Детский сад Нюша;Детский сад, ясли, центр развития ребёнка;Дорожная ул., 2А, рабочий посёлок Октябрьский;+7 (905) 541-53-44;nysha.su
Уникум;Частная школа, детский сад, ясли, детский лагерь отдыха;Россия, Москва, поселение Первомайское, квартал № 223;+7 (939) 999-86-03;unikum-nou.ru
Маленький эрудит;Детский сад, ясли, центр развития ребёнка;Россия, Московская область, Пушкинский городской округ, деревня Костино;+7 (991) 222-76-41;www.detsad-erudit.com
Планета детства;Детский сад, ясли, логопеды, центр развития ребёнка;Рождественская ул., 10, микрорайон Железнодорожный, Балашиха;+7 (958) 100-24-39;childhoodplanet.su
ЛЁВиК;Детский сад, ясли, центр развития ребёнка, дополнительное образование;Текстильная ул., 18, Лобня;+7 (495) 567-04-56;levic.ru
Планета детства;Детский сад, ясли, логопеды, центр развития ребёнка;Саввинское ш., 4, корп. 2, микрорайон Железнодорожный, Балашиха;+7 (958) 100-24-39;childhoodplanet.su
Студия твоего развития Чудо;Центр развития ребёнка, логопеды, детский сад, ясли;к2016, Зеленоград;+7 (977) 505-66-10;www.chudokinder.ru
Частный детский сад Знайка;Детский сад, ясли;пр. Черепановых, 40, Москва;+7 (499) 154-43-91;znaika-school.ru
Непоседа;Детский сад, ясли;242, СПК Десна;+7 (985) 120-37-67;www.neposedakids.ru
Горница-Узорница;Детский сад, ясли;Индустриальная ул., 6, Щербинка;8 (800) 555-95-16;gornica-uzornica.ru
Домашний детский клуб Кувшинка;Детский сад, ясли, центр развития ребёнка;37, д. Алабино;+7 (939) 111-70-59;kuvshinka.org
Частный детский сад Дударёнок;Детский сад, ясли;ул. Вострухина, 4, корп. 1, Москва;+7 (903) 100-34-11;dudusad.ru
Теремок - частный детский сад;Детский сад, ясли;Центральная ул., 25, село Загорново;+7 (929) 507-12-83;теремок-раменское.рф
Лидер;Детский сад, ясли;Новая ул., 15, микрорайон Железнодорожный, Балашиха;+7 (926) 280-53-57 (доб. +7 (991) 731-57-03);www.sadlider.ru
Детский сад Непоседы;Детский сад, ясли, центр развития ребёнка;ул. Ленточка, 11, микрорайон Мамонтовка, Пушкино;+7 (926) 367-00-00;ds-neposedy.ru
Домашний детский сад;Детский сад, ясли, центр развития ребёнка, домашний персонал;Большая Черкизовская ул., 5, корп. 1, Москва;+7 (915) 395-74-96;deti-doma77.ru
Десятое Королевство;Детский сад, ясли, центр развития ребёнка;1, д. Клюшниково;+7 (905) 724-80-80;happybaby-noginsk.ru
Мамонтенок;Детский сад, ясли;Пионерская ул., 1Б, Истра;+7 (999) 914-09-24;мамонтёнокистра.рф
Иван да Марья Звенигород;Детский сад, ясли, центр развития ребёнка;89А, д. Супонево;+7 (926) 069-21-12;www.иван-да-марья.дети
Частный детский сад Кораблик;Детский сад, ясли, центр развития ребёнка;ул. Н.А. Некрасова, 16, Реутов;+7 (495) 528-01-88;www.dkorablik.ru
Bananaclass;Детский сад, ясли, центр развития ребёнка;Солнечный бул., 2, рабочий посёлок Лопатино;+7 (985) 784-02-85;bananaclass.ru
Малютка;Детский сад, ясли, центр развития ребёнка;Амурская ул., 29, Москва;+7 (985) 211-03-41;detsadmalutka.ru
Академия Детства;Центр развития ребёнка, клуб для детей и подростков, детский сад, ясли;ул. Гагарина, 85, Жуковский;+7 (925) 601-61-96;www.akinder.ru
Искатели;Детский сад, ясли, центр развития ребёнка, дополнительное образование;21, посёлок Сосны;+7 (985) 357-03-70;iskateli-kids.ru
Piccolini;Центр развития ребёнка, клуб для детей и подростков, детский сад, ясли;к1553, Зеленоград;+7 (905) 588-40-40;piccolini.club
Счастливая ягодка;Детский сад, ясли;9, жилой комплекс Бутово Парк, рабочий посёлок Бутово;+7 (985) 433-07-87;happy-berry.ru
Русинка;Детский сад, ясли, организация и проведение детских праздников;к447, Зеленоград;+7 (499) 391-06-02;rusinka-center.ru
Филиппок;Детский сад, ясли;14, микрорайон Богородский, Щёлково;+7 (967) 069-52-28;filipp-ok.ru
Манюня;Детский сад, ясли, центр развития ребёнка;Спасский бул., 6, микрорайон Саввино, Балашиха;+7 (985) 966-57-61;садик-манюня.рф
Частный детский сад Теремок;Детский сад, ясли;Молодёжная ул., 40, д. Островцы;+7 (963) 758-30-75;oteremok.ru
Умка;Детский сад, ясли, центр развития ребёнка;Первомайская ул., 19, Ивантеевка;+7 (903) 011-46-46;ymkasad.ru
Детский сад Андрюшка;Детский сад, ясли, центр развития ребёнка;Крымская ул., 5, Раменское;+7 (926) 608-78-98;андрюшка.рф
Домашний детский сад Домовёнок;Детский сад, ясли;к1561, Зеленоград;+7 (915) 114-90-68;domovenock.com
Детский сад Космонавтики;Детский сад, ясли;Садовая ул., 39Б, село Сидоровское;+7 (985) 911-44-20;kosmonavtiki.ru
Сказочный домик;Детский сад, ясли;Писемская ул., 19, микрорайон Клязьма, Пушкино;+7 (909) 962-03-48;detsad-sd.ru
Богатырь;Детский сад, ясли, центр развития ребёнка;Россия, Московская область, городской округ Пушкинский, городское поселение Правдинский;+7 (925) 033-86-13;bogatyr-dc.ru
Автономная Некоммерческая Организация Дошкольного Образования центр развития Ребенка Почемучки;Детский сад, ясли, дополнительное образование;Школьная ул., 12, Ивантеевка;+7 (925) 104-92-42;tap.link
Smile Fish;Детский сад, ясли, центр развития ребёнка;Речная ул., 4, д. Яковлевское;+7 (925) 333-33-10;smilefish.ru
Компас Монтессори;Центр развития ребёнка, спортивный клуб, секция, детский сад, ясли;к1822, Зеленоград;+7 (977) 368-50-78;www.compass-montessori.com
Город детства;Детский сад, ясли;9, территория ГП-2, д. Лапино;+7 (939) 555-23-60;goroddeti.com
Домашний детский сад Цветик-семицветик;Детский сад, ясли;Чкаловская ул., 10, Щёлково;+7 (909) 900-45-47;detsad-shcholkovo.ru
Детский сад Остров сокровищ;Детский сад, ясли;Хлебозаводская ул., 28, корп. 3, Ивантеевка;+7 (926) 353-70-90;taplink.cc
Иван да Марья;Детский сад, ясли, центр развития ребёнка;ул. Белинского, 3, Звенигород;+7 (926) 069-21-12;www.иван-да-марья.дети
Майский САДик;Детский сад, ясли, центр развития ребёнка, художественная мастерская;Туровская ул., 5, д. Горки;+7 (915) 314-83-88;maycadik.com
Детский центр УмНяша;Центр развития ребёнка, клуб для детей и подростков, детский сад, ясли;Южнобутовская ул., 117, Москва;+7 (499) 110-23-07;umnyasha.me
Ласточкино гнездо;Частная школа, детский сад, ясли, лицей;Вишнёвая ул., 2А, д. Мартемьяново;+7 (499) 272-74-46;lastochka-sadik.ru
Детский клуб Удивительные Дети;Центр развития ребёнка, детский сад, ясли;ул. Л. Толстого, 15, Пушкино;+7 (916) 316-61-24;удивительные.дети
Детский центр Happy Club;Центр развития ребёнка, клуб для детей и подростков, детский сад, ясли;к1145, Зеленоград;+7 (916) 000-11-45;happy-happy-club.ru
Английский в движении - Загорье;Детский сад, ясли;Михневская ул., 8, Москва;+7 (977) 300-33-06;engimo.ru
Sun School;Детский сад, ясли, клуб для детей и подростков, центр развития ребёнка;1, коттеджный посёлок Эко-парк Ирбис;8 (800) 775-60-47;sunschool.ru
Детский сад Весна;Детский сад, ясли;Ясная ул., 14, Апрелевка;+7 (985) 427-82-15;www.vesnakids.ru
Маленькая страна;Детский сад, ясли;20В, д. Кромино;+7 (929) 986-49-64;www.detsad-aprelevka.ru
Лиса Лизавета;Детский сад, ясли, логопеды, детский лагерь отдыха;166, СНТ Солнечное;+7 (495) 740-20-97;lisa-lizaveta.ru
ИндиGO;Детский сад, ясли, спортивный клуб, секция, дополнительное образование, частная школа;ул. Свободы, 6А, Раменское;+7 (905) 505-15-14;indi-go.ru
АПушкин;Центр развития ребёнка, логопеды, детский сад, ясли, дополнительное образование;ул. Ирисов, 1, коттеджный посёлок Опушкино;+7 (904) 568-12-99;a-pushkin.com
Детский центр Детвора;Центр развития ребёнка, детский сад, ясли;ул. Горького, 8, Фрязино;+7 (903) 560-45-40;detvoraclub.ru
Большие маленькие;Детский сад, ясли;Центральная ул., 91, д. Сафоново;+7 (915) 360-41-89;bolmal.ru
Дворец творчества детей и молодёжи на Миусах;Дополнительное образование, спортивный клуб, секция, клуб для детей и подростков, учебный центр;ул. Александра Невского, 4, Москва;+7 (499) 938-49-59;cdt.mskobr.ru
Школа журналистики имени Владимира Мезенцева в Центральном Доме журналиста;Дополнительное образование, учебный центр;Никитский бул., 8А, Москва, Россия;+7 (495) 364-42-83;journs.ru
Государственное бюджетное образовательное учреждение дополнительного образования города Москвы центр творчества имени А. В. Косарева;Дополнительное образование, бассейн, клуб для детей и подростков;5-я Парковая ул., 60, Москва;+7 (499) 163-91-24;crtd.mskobr.ru
ЦДТ на Вадковском;Дополнительное образование;Вадковский пер., 3, Центральный административный округ, Тверской район, Москва;+7 (499) 972-62-37;navadkovscom.ru
Tumo Moscow;Дополнительное образование, курсы и мастер-классы;Мантулинская ул., 7, стр. 3, Москва;+7 (495) 646-02-73;tumo.moscow
Гермес;Дополнительное образование, центр развития ребёнка;Тимирязевская ул., 28, Москва;+7 (495) 568-17-88;germes.mskobr.ru
Центр развития творчества детей и юношества Пресня;Дополнительное образование;Глубокий пер., 7, Москва;+7 (495) 605-74-15;presnia.mskobr.ru
АНОО Хорошевская школа;Начальная школа, дополнительное образование;ул. Народного Ополчения, 3, корп. 2, Москва;+7 (495) 414-10-54;horoshkola.ru
Детская музыкальная школа имени А. К. Лядова;Музыкальное образование, дополнительное образование;ул. 1905 года, 8, Москва;+7 (499) 252-26-23;newmusicschool.ru
Отделение дополнительного художественного образования Мцхш при Рах;Курсы и мастер-классы, школа искусств;ул. Крымский Вал, 8, корп. 2, Москва;+7 (495) 241-10-75 (доб. 111);initial-art.ru
Созвездие;Общеобразовательная школа, начальная школа, центр развития ребёнка, дополнительное образование, учебный центр;Большая Комсомольская ул., 13Б, Красногорск;+7 (498) 568-56-11;center-psi.ru
Компьютерная академия Top;Компьютерные курсы, центр развития ребёнка, детский лагерь отдыха, дополнительное образование;Ленинградский просп., 80, корп. 17, Москва;+7 (499) 229-98-74;msk.top-academy.ru
Центр Арт-терапии;Дополнительное образование, школа искусств;Большой Афанасьевский пер., 15, стр. 1, Москва;+7 (495) 999-43-90;artterapiamos.ru
Детская школа искусств им. Ф. Шуберта;Школа искусств, дополнительное образование, музыкальное образование;ул. Лобачевского, 66Б, Москва;+7 (499) 431-04-87;schubert.arts.mos.ru
Центр творчества на Вадковском, структурное подразделение Россия молодая;Дополнительное образование;просп. Мира, 43, Москва;+7 (495) 681-03-65;navadkovscom.ru
ГБОУДО Дворец творчества детей и молодежи имени А. П. Гайдара;Дополнительное образование, центр развития ребёнка, учебный центр;12-я Новокузьминская ул., 6, корп. 2, Москва;+7 (495) 379-69-34;dpgaidar.mskobr.ru
Художественная школа Вдохновение;Курсы и мастер-классы, дополнительное образование, учебный центр;Шлюзовая наб., 2/1с4, Москва;+7 (499) 795-77-38;www.izocenter.ru
Школа акварели Сергея Андрияки;Школа искусств, дополнительное образование;Гороховский пер., 17, Москва;+7 (495) 632-18-17;school.aaii.ru
Дом детского творчества на Таганке;Дополнительное образование, клуб для детей и подростков, центр развития ребёнка;Рабочая ул., 30, стр. 1, Москва;+7 (495) 678-21-46;ddt-taganka.mskobr.ru
Детская школа искусств Вдохновение;Дополнительное образование, школа искусств;Мичуринский просп., 9Г, Москва;+7 (499) 726-58-07;vdohnovenie.arts.mos.ru
Центр детского творчества Ново-Переделкино;Дополнительное образование;Чоботовская ул., 5, корп. 1, Москва;+7 (495) 731-67-28;cdtnp.ru
Школа Рисования и Живописи на Татарской;Курсы и мастер-классы, дополнительное образование, учебный центр;Большая Татарская ул., 35с7-9, Москва;+7 (499) 753-15-23;izokurs.ru
ГБОУ школа № 1505, отделение дополнительного образования;Дополнительное образование;Большая Черкизовская ул., 23, Москва;+7 (495) 963-77-44;gym1505.ru
ГБОУДО Дворец творчества детей и молодежи имени А. П. Гайдара;Дополнительное образование, центр развития ребёнка, учебный центр;2-й Карачаровский пр., 1, Москва;+7 (499) 174-73-57;dpgaidar.mskobr.ru
Феникс;Школа искусств, музыкальное образование, школа танцев;пр. Дежнёва, 8, корп. 1, Москва;+7 (499) 477-11-44;fenix.arts.mos.ru
Оано Лидеры;Частная школа, дополнительное образование;Никольская ул., 16, село Ромашково;+7 (495) 746-63-36;s-leaders.ru
Театральная и танцевальная студия для детей Ирбис;Клуб для детей и подростков, центр развития ребёнка, театральное и цирковое образование, дополнительное образование, школа искусств;3-я ул. Ямского Поля, 24, Москва;+7 (499) 325-33-56;lp5.irbis-studio.ru
ГБУ Московская волейбольная академия;Спортивная школа, дополнительное образование;Большой Харитоньевский пер., 22/1, Москва;+7 (495) 624-62-89;s21.mossport.ru
Top;Компьютерные курсы, центр развития ребёнка, дополнительное образование;ул. Миклухо-Маклая, 36А, Москва;+7 (495) 104-59-94;msk.top-academy.ru
Без Уроков;Дополнительное образование, курсы иностранных языков, услуги репетиторов;Большой Симоновский пер., 2, Москва;+7 (991) 222-74-69;www.bezurokov.ru
Творческий центр Артист;Курсы и мастер-классы, киношкола, центр развития ребёнка, дополнительное образование, школа искусств;3-я Фрунзенская ул., 19, Москва;+7 (968) 506-55-04;artistkids.ru
Гермес;Дополнительное образование, центр развития ребёнка;Дубнинская ул., 21, Москва;+7 (495) 568-17-88;germes.mskobr.ru
Как Здорово!;Центр развития ребёнка, клуб для детей и подростков, дополнительное образование;Жулебинский бул., 33, корп. 1, Москва;+7 (495) 108-28-14;kakzdorovo.center
Одинцовский центр эстетического воспитания;Дополнительное образование, школа искусств;ул. Маршала Жукова, 29, Одинцово;+7 (495) 596-25-83;new.dop.mosreg.ru
Maximum Education;Учебный центр, дополнительное образование;ул. Покровка, 28, стр. 2, Москва;8 (800) 500-31-98;maximumtest.ru
Московский колледж импровизационной музыки;Музыкальное образование, дополнительное образование, учебный центр;просп. Андропова, 48, стр. 2, Москва;+7 (499) 612-13-46;mcim.ru
Международная школа арт-терапии;Дополнительное образование, врач-психотерапевт;ул. Большая Полянка, 2, стр. 2, Москва;+7 (495) 128-68-00;artterapia.ru
Центр эстетического воспитания детей;Дополнительное образование;Покровский бул., 10, стр. 1, Москва;+7 (495) 917-90-13;cevdcao.mskobr.ru
Семь пядей;Центр развития ребёнка, клуб для детей и подростков, дополнительное образование;ул. Васильцовский Стан, 5, корп. 2, Москва;+7 (495) 677-95-21;www.centr7pyadei.ru
Центр досуга и творчества Малахит;Центр развития ребёнка, детский сад, ясли, дополнительное образование;просп. Мира, 161, Москва;+7 (499) 187-11-33;www.cdt-malahit.ru
ГБОУ школа № 814, корпус социализации и дополнительного образования;Дополнительное образование;Веерная ул., 38, корп. 1, Москва;+7 (495) 442-95-45;sch814z.mskobr.ru
Детская школа искусств № 14;Школа искусств, дополнительное образование;Пронская ул., 7, Москва;+7 (495) 705-61-71;14.arts.mos.ru
Улыбка;Дополнительное образование, логопеды, центр развития ребёнка;Кантемировская ул., 29, корп. 1, Москва;+7 (916) 543-85-23;logocenter.info
Рождество;Клуб для детей и подростков, центр развития ребёнка, школа искусств;Большой Балканский пер., 13/47к4, Москва;+7 (495) 504-56-12;www.rojdestvo.ru
Московская школа кино;Дополнительное образование, курсы и мастер-классы, учебный центр;Нижняя Сыромятническая ул., 10, стр. 2, Москва;8 (800) 777-85-35;moscowfilmschool.ru
Детская школа искусств № 7;Школа искусств, театральное и цирковое образование, дополнительное образование;Таймырская ул., 5, стр. 3, Москва;+7 (495) 474-57-07;7.arts.mos.ru
Центральный Детский Спортивный клуб;Центр развития ребёнка, дополнительное образование;Ленинградский просп., 39, стр. 1, Москва;+7 (495) 669-92-87;www.cdskcska.ru
ГБОУ школа № 1601 имени Героя Советского Союза Е. К. Лютикова Медицинский корпус;Общеобразовательная школа, дополнительное образование;ул. Нижняя Масловка, 16, Москва;+7 (495) 613-37-07;cos1601.mskobr.ru
Детская школа искусств;Школа искусств, дополнительное образование;Октябрьская ул., 6, Королёв;+7 (495) 512-55-88;dshikorolev.ru
Государственное бюджетное общеобразовательное учреждение города Москвы школа № 1259;Общеобразовательная школа, дополнительное образование;5-й Монетчиковский пер., 7, Москва;+7 (495) 953-04-16;sch1259.mskobr.ru
Бэби-клуб;Клуб для детей и подростков, центр развития ребёнка, детский сад, ясли;Ходынский бул., 9, Москва;+7 (985) 869-02-74;baby-club.ru
Бэби-клуб;Центр развития ребёнка, клуб для детей и подростков, детский сад, ясли;1-й Спасоналивковский пер., 18, стр. 2, Москва;+7 (985) 021-57-55;baby-club.ru
Бэби-клуб;Центр развития ребёнка, клуб для детей и подростков, детский сад, ясли;ул. Пречистенка, 17/9, Москва;8 (800) 100-20-24;baby-club.ru
Созвездие;Центр развития ребёнка, детский сад, ясли;ул. Авиаконструктора Микояна, 14, корп. 4, Москва;+7 (499) 686-19-35;www.center-sozvezdie.ru
Детский творческий центр Джельсомино;Центр развития ребёнка, дополнительное образование, школа танцев;ул. Полины Осипенко, 10, корп. 1, Москва;+7 (969) 769-43-94;dzhelsomino.ru
Бэби-клуб;Детский сад, ясли, клуб для детей и подростков, центр развития ребёнка, дополнительное образование;Оболенский пер., 9, корп. 2, Москва;8 (800) 100-20-24;hamovniki.baby-club.ru
Lingua Kids;Центр развития ребёнка, детский сад, ясли, курсы иностранных языков;Карамышевская наб., 36, Москва;+7 (977) 099-84-06;linguakids.ru
Совушата;Детский сад, ясли, клуб для детей и подростков, центр развития ребёнка;ул. Милашенкова, 16, Москва;+7 (968) 030-09-90;www.sovushatki.ru
МилГрад;Дополнительное образование;1-я Владимирская ул., 33, корп. 1, Москва;+7 (968) 871-09-74;милград.рф
Частный детский сад Мой Гений;Детский сад, ясли, логопеды, центр развития ребёнка;ул. Маршала Тухачевского, 58, корп. 3, Москва;+7 (958) 100-91-13;geniy-expert.ru
Smart Kids;Детский сад, ясли, центр развития ребёнка;ул. Авиаконструктора Микояна, 14, корп. 4, Москва;+7 (915) 310-70-70;sm-kids.ru
Центр культуры Хорошевский;Культурный центр, спортивный клуб, секция, центр развития ребёнка;Хорошёвское ш., 52, корп. 2, Москва;+7 (495) 941-54-25;horoshevskiy-deti.ru
Discovery English Preschool;Центр развития ребёнка, детский сад, ясли, курсы иностранных языков;Шмитовский пр., 20, Москва;+7 (499) 877-59-47;discoveryschool.ru
Наш Монтессори;Центр развития ребёнка, детский сад, ясли, семейный психологический центр;ул. Маршала Тухачевского, 32, корп. 2, Москва;+7 (926) 805-13-33;nashmontessori.ru
Центр плавания для детей от 1 месяца ДО 5 лет Поколение;Центр развития ребёнка, бассейн;просп. Вернадского, 27, корп. 1, Москва;+7 (966) 666-49-58;aqua-msk.ru
Бэби-клуб;Детский сад, ясли, клуб для детей и подростков, центр развития ребёнка;ул. Пудовкина, 7, Москва;+7 (929) 546-40-25;baby-club.ru
Артель;Центр развития ребёнка, клуб для детей и подростков, школа танцев;Малая Черкизовская ул., 22, Москва;+7 (966) 736-45-92;artel-centr.ru
Юный мастер;Центр развития ребёнка, клуб досуга;ул. Фридриха Энгельса, 63, стр. 1, Москва;+7 (916) 196-57-78;юныймастер.рф
Детский клуб Развивалочка;Центр развития ребёнка, организация и проведение детских праздников, клуб для детей и подростков;Сосновая ул., 32, Одинцово;+7 (939) 555-74-06;www.razvivalochka.ru
Детский клуб Успех;Центр развития ребёнка, клуб для детей и подростков, дополнительное образование;Центральная ул., 8, дачный посёлок Лесной Городок;+7 (917) 516-37-96;www.klub-uspeh.ru
Лист-Листочек;Центр развития ребёнка, логопеды;Селигерская ул., 18, корп. 4, Москва;+7 (495) 744-38-87;list-listochek.ru
ГБУК г. Москвы Окц ЦАО библиотека № 1 имени А. С. Грибоедова, Детский центр им. Х. К. Андерсена;Центр развития ребёнка;просп. Мира, 68, Москва;+7 (495) 684-46-10;www.cbs2cao.ru
Город талантов;Центр развития ребёнка, дополнительное образование;Бобруйская ул., 10, корп. 1, Москва;+7 (977) 895-54-48;www.gorod-talantov.ru
Петра;Центр развития ребёнка, логопеды, дополнительное образование;ул. Рогожский Посёлок, 29, стр. 8, Москва;+7 (926) 545-41-54;petra-center.ru
Школа для дошкольников Нильс;Детский сад, ясли, клуб для детей и подростков, центр развития ребёнка;Новослободская ул., 31, стр. 4, Москва;+7 (915) 129-85-45;kids-nils.ru
Happy Panda;Центр развития ребёнка, клуб для детей и подростков, курсы иностранных языков;Дмитровское ш., 169, корп. 5, Москва;+7 (495) 145-90-10;happypanda-center.ru
ГБУ Молодежный центр Галактика, филиал Детский центр Отражение;Центр развития ребёнка, клуб для детей и подростков;Сколковское ш., 26, корп. 2, Москва;+7 (495) 447-91-72;mcgalaktika.ru
Вверх;Центр развития ребёнка, логопеды, клуб для детей и подростков;ул. Говорова, 83, Одинцово;+7 (977) 640-51-40;center-vverx.ru
Аз-бу-ка;Центр развития ребёнка, клуб для детей и подростков;Студенческая ул., 32, Москва;+7 (499) 243-56-90;www.az-bu-ka.ru
AMAKids;Центр развития ребёнка, дополнительное образование;ул. Академика Королёва, 8, корп. 1, Москва;8 (800) 500-39-79;amakids.ru
Бэби-клуб;Центр развития ребёнка, детский сад, ясли;Корабельная ул., 17, корп. 3, Москва;+7 (931) 009-50-94;baby-club.ru
Вестники;Клуб для детей и подростков, организация и проведение детских праздников, центр развития ребёнка;ул. Юннатов, с13, Химки;+7 (916) 184-80-16;centrhimki.ru
Сова;Клуб для детей и подростков, центр развития ребёнка;Ломоносовский просп., 6, Москва;+7 (916) 530-19-24;sova-lomonosovskij-prospekt.clients.site
Детский центр Edison;Центр развития ребёнка, детский лагерь отдыха, дополнительное образование;Звенигородская ул., 8, корп. 1, Москва;+7 (499) 394-21-33;www.edisonclub.ru
Детский развивающий центр Кеша;Центр развития ребёнка;ул. Артамонова, 16, корп. 3, Москва;+7 (901) 185-64-77;www.center-kesha.ru
Открытый мир;Центр развития ребёнка, логопеды, организация и проведение детских праздников;ул. Терешковой, 7, Балашиха;+7 (495) 529-13-31;www.openmir.ru
Капитошка;Центр развития ребёнка, логопеды, дополнительное образование;ул. Фонвизина, 6, Москва;+7 (925) 789-55-12;dc-kapi.ru
Детский центр развития и социализации Нейросфера;Центр развития ребёнка, клуб для детей и подростков, дополнительное образование;Зоологическая ул., 22, Москва;+7 (499) 766-73-18;www.neirosfera.ru
Sun School;Детский сад, ясли, логопеды, центр развития ребёнка;2-я Черногрязская ул., 6, корп. 2, Москва;8 (800) 775-60-47;sunschool.ru
Тапуз;Детский сад, ясли, центр развития ребёнка, дополнительное образование;Большая Никитская ул., 47, стр. 2, Москва;+7 (495) 787-45-60;tapuz.jcc.ru
Гнездо для мам и малышей;Центр развития ребёнка, школа для будущих мам, дополнительное образование;Кочновский пр., 4, корп. 2, Москва;+7 (965) 361-05-15;prozemlyan.ru
Логопедический центр Улыбка;Центр развития ребёнка, логопеды, дополнительное образование;ул. Москворечье, 4, корп. 5, Москва;+7 (916) 543-85-23;logocenter.info
Маленький принц;Центр развития ребёнка, клуб для детей и подростков, детский сад, ясли, психологическая служба;Новослободская ул., 55, стр. 1, Москва;+7 (965) 377-73-29;www.kinder-center.ru
Детский центр развития Сказочная страна;Центр развития ребёнка, дополнительное образование, учебный центр;ул. Толбухина, 5, корп. 2, Москва;+7 (495) 544-80-05;skazochnaya-strana-centr.ru
Детский Развивающий центр Город Академиков;Центр развития ребёнка;Заповедная ул., 18, корп. 3, Москва;+7 (495) 767-50-97;gorodakademikov.ru
Детский центр Талантиум;Центр развития ребёнка, детский сад, ясли, курсы и мастер-классы;Ботаническая ул., 17, корп. 2, Москва;+7 (904) 567-43-07;talantium.club
FunsCool;Детский сад, ясли, центр развития ребёнка;Новозаводская ул., 8, Москва;+7 (499) 504-43-55;moscow.funscool.ru
Кузя;Центр развития ребёнка, детские игровые залы и площадки, логопеды;Полярная ул., 22, Москва;+7 (903) 295-77-72;dc-kuzya.ru
Умка;Центр развития ребёнка;Сиреневый бул., 46/35к4, Москва;+7 (499) 464-12-29;www.umkavao.ru
Школа скорочтения и развития интеллекта Iq007;Дополнительное образование, клуб для детей и подростков, центр развития ребёнка, учебный центр;ул. Усиевича, 1, Москва;+7 (495) 799-90-07 (доб. 2);iq007.ru
Развитие;Центр развития ребёнка, семейный психологический центр, клуб досуга, психологическая служба;Большой Сухаревский пер., 6, Москва;+7 (905) 778-07-37;1vitie.ru
Люмини;Центр развития ребёнка, детские игровые залы и площадки, детский сад, ясли;Краснобогатырская ул., 24, Москва;+7 (925) 880-58-00;lumini.club
Детский клуб Буракова;Центр развития ребёнка, клуб для детей и подростков, курсы иностранных языков;Дмитровское ш., 165Е, корп. 12, Москва;+7 (966) 666-70-21;клуб-буракова.рф
Амадеус;Центр развития ребёнка, клуб для детей и подростков, детский сад, ясли;ул. Молодцова, 4А, Москва;+7 (905) 768-98-17;studio-amadeus.ru
Надежда-Н;Центр развития ребёнка, клуб для детей и подростков, курсы иностранных языков;ул. Милашенкова, 8, Москва;+7 (495) 639-36-17;nadejdan.club
Детский центр развития интеллектов ABC Gym;Центр развития ребёнка, клуб для детей и подростков;ул. Ленина, 11, село Ильинское;+7 (965) 139-96-96;abcgym.ru
Бэби-клуб;Центр развития ребёнка, клуб для детей и подростков, детский сад, ясли;Полярная ул., 54, корп. 1, Москва;+7 (926) 705-04-72;baby-club.ru
Счастливое Детство;Логопеды, центр развития ребёнка;Дубнинская ул., 53, корп. 1, Москва;+7 (916) 260-46-86;www.klubdetstvo.ru
Хоровод;Центр развития ребёнка, клуб для детей и подростков, дополнительное образование;Снежная ул., 17, корп. 2, Москва;+7 (495) 505-50-14;horovodclub.ru
Теремок;Центр развития ребёнка, логопеды, клуб для детей и подростков, услуги репетиторов;Новогиреевская ул., 4, корп. 1, Москва;+7 (929) 937-15-16;clubteremok.ru
Peekaboovillage;Центр развития ребёнка;Озёрная ул., 9, Москва;+7 (926) 676-23-55;peekaboovillage.ru
Янтарное Яблоко;Детский сад, ясли, клуб для детей и подростков, центр развития ребёнка;ул. Маршала Катукова, 24, корп. 4, Москва;+7 (964) 588-61-99;deti-strogino.ru
Детский развивающий центр УМняшки;Детский сад, ясли, логопеды, центр развития ребёнка;ул. Дзержинского, 3, Реутов;+7 (903) 251-11-86;umkids.ru
Школа быстрого чтения Олега Андреева;Центр развития ребёнка, учебный центр;1-й Колобовский пер., 25, стр. 2, Москва;8 (800) 707-27-28;fastread.ru
Центр культуры Хорошевский;Культурный центр, спортивный клуб, секция, центр развития ребёнка;ул. Куусинена, 7, корп. 1, Москва;+7 (499) 195-86-30;horoshevskiy-deti.ru
Школа скорочтения и развития интеллекта Iq007;Центр развития ребёнка, дополнительное образование, учебный центр;Профсоюзная ул., 45, Москва;+7 (495) 297-00-07;mskiq007.ru
Английский и Развитие Интеллекта Englishkidclub;Центр развития ребёнка, курсы иностранных языков, услуги репетиторов;ул. Ленина, 24, село Ильинское;+7 (499) 390-32-52;www.englishkidclub.com
Бэби-клуб;Центр развития ребёнка, клуб для детей и подростков, детский сад, ясли;ул. Гарибальди, 7, Москва;8 (800) 100-20-24;baby-club.ru
Центр развития и творчества Умный ребёнок;Центр развития ребёнка, дополнительное образование;Молодёжная ул., 8, Балашиха;+7 (495) 524-20-83;www.umnrebenok.ru
Центр творческого развития детей Солнышко;Центр развития ребёнка, детский сад, ясли;Лётная ул., 9, Долгопрудный;+7 (915) 287-38-11;suncreative.ru
Школа развития интеллекта Iq007;Центр развития ребёнка, клуб для детей и подростков, дополнительное образование, учебный центр;Ленинский просп., 99, Москва;+7 (495) 297-00-07;mskiq007.ru
English Nursery and Primary School;Детский сад, ясли, начальная школа, центр развития ребёнка;Карамышевская наб., 10, корп. 2, Москва;+7 (901) 256-45-72;englishnursery.ru
Slamikids;Детский сад, ясли, центр развития ребёнка, учебный центр;Шебашёвский пр., 3, Москва;+7 (495) 150-52-04;slamikids.ru
Школа скорочтения и развития интеллекта Iq007;Центр развития ребёнка, клуб для детей и подростков, дополнительное образование, учебный центр;Флотская ул., 76, Москва;+7 (495) 997-30-07;sao.iq007.pro
Призма;Центр развития ребёнка, детский сад, ясли, компьютерные курсы;Дзержинское ш., 5/4, Котельники;+7 (995) 500-24-42;prisma.family
Волшебный корабль;Центр развития ребёнка, организация и проведение детских праздников, клуб для детей и подростков;1-я Пугачёвская ул., 25, стр. 1, Москва;+7 (985) 774-51-17;www.magic-ship.ru
Школа скорочтения и развития интеллекта Iq007;Центр развития ребёнка, клуб для детей и подростков, дополнительное образование, учебный центр;Заводской пр., 23, Москва;+7 (915) 250-69-79;iq007-izmailovo.ru
Пифагорка;Центр развития ребёнка, клуб для детей и подростков, дополнительное образование;ул. Борисовка, 20А, Мытищи;+7 (929) 995-96-94;podgotovka-k-shkole.pifagorka.ru
Планета удачи;Центр развития ребёнка;Азовская ул., 9, корп. 2, Москва;+7 (499) 794-24-91;planetaudachi.ru
Чудо-школа Умница;Центр развития ребёнка;Сиреневый бул., 62, корп. 1, Москва;+7 (965) 404-79-00;www.chudo-shkola.ru
Пятачок;Детский сад, ясли, организация и проведение детских праздников, центр развития ребёнка;Ходынский бул., 11, Москва;+7 (495) 227-33-98;pytachok.ru
Детский логопедический центр Логос;Логопеды, центр развития ребёнка, услуги репетиторов;5-я ул. Ямского Поля, 27, Москва;+7 (495) 999-03-17;dc-logos.ru
Центр развития Мистер Слон;Центр развития ребёнка, клуб для детей и подростков, детский сад, ясли;Перовская ул., 66, корп. 3, Москва;+7 (495) 969-80-28;www.mister-slon.ru
Маруся;Детский сад, ясли, центр развития ребёнка, дополнительное образование;ул. Народного Ополчения, 11, Москва;+7 (966) 329-13-52;marusiaclub.ru
Искра;Клуб досуга, клуб для детей и подростков, центр развития ребёнка;Керамический пр., 55, корп. 1, Москва;+7 (916) 331-62-76;iskracenter.ru
Discovery English Preschool;Детский сад, ясли, центр развития ребёнка, курсы иностранных языков;Мытная ул., 7, стр. 1, Москва;+7 (499) 877-59-47;discoveryschool.ru
Монтессори Радуга;Детский сад, ясли, центр развития ребёнка;ул. Маршала Тимошенко, 17, корп. 2, Москва;+7 (916) 640-27-18;montessoriraduga.ru
Цветик-Разноцветик;Клуб для детей и подростков, центр развития ребёнка, продюсерский центр;3-й Митинский пер., 8, Москва;+7 (926) 264-54-21;www.raznotsvetik.ru
Сами с усами;Центр развития ребёнка, клуб для детей и подростков, детский сад, ясли;Проточный пер., 9, Москва;+7 (985) 981-37-51;sami-s-usami.turbo.site
Happy Sun;Курсы и мастер-классы, центр развития ребёнка;Производственная ул., 12, корп. 2, Москва;+7 (925) 015-39-14;taplink.cc
Детский центр Антей;Центр развития ребёнка, логопеды, клуб для детей и подростков;Поречная ул., 9, Москва;+7 (965) 346-25-25;anteycenter.ru
Iq007;Центр развития ребёнка, клуб для детей и подростков, дополнительное образование, учебный центр;пр. Черепановых, 30, Москва;8 (800) 222-20-07;iq007.ru
Клуб Головастик;Центр развития ребёнка, детский сад, ясли, детский лагерь отдыха;просп. Космонавтов, 17А, Королёв;+7 (985) 912-33-29;glv-club.ru
Детская академия речи;Логопеды, детский коррекционный центр, центр развития ребёнка;ул. Маршала Тухачевского, 32, корп. 2, Москва;+7 (495) 292-32-60;www.logoakademia.ru
Домик Счастья;Детский сад, ясли, клуб для детей и подростков, центр развития ребёнка;Красноказарменная ул., 14А, корп. 2, Москва;+7 (925) 531-48-00;hhouse-preschool.ru
Островок детства;Психологическая служба, логопеды, центр развития ребёнка, семейный психологический центр;ул. Мнёвники, 6, Москва;+7 (495) 411-27-69;www.ostrovok-detstva12.ru
Школа скорочтения и развития интеллекта Iq007;Дополнительное образование, логопеды, центр развития ребёнка;Волжский бул., 11, Москва;8 (804) 333-80-07;iq007.ru
Лествица;Клуб для детей и подростков, центр развития ребёнка, клуб досуга;Большая Грузинская ул., 40, корп. 1, Москва;+7 (499) 766-71-57;lestvica-club.ru
Белая ворона;Центр развития ребёнка, логопеды, врач-психотерапевт;просп. Мира, 16, стр. 2, Москва;+7 (495) 215-11-28;aba-centre.com
Бэби-клуб;Детский сад, ясли, клуб для детей и подростков, центр развития ребёнка;ул. Горшина, 6, корп. 2, Химки;8 (800) 100-20-24;baby-club.ru
Радуга;Центр развития ребёнка, клуб для детей и подростков;Новомарьинская ул., 12, Москва;+7 (925) 031-81-67;centrraduga.ru
Seymour House;Центр развития ребёнка, детский сад, ясли, дополнительное образование;ул. Поленова, 8/1, Москва;+7 (495) 150-14-00;seymourhouse.ru
Clever House;Клуб для детей и подростков, центр развития ребёнка, школа искусств;Молодёжная ул., 54, Химки;+7 (495) 643-37-10;clever-h.ru
Бэби-клуб;Центр развития ребёнка, клуб для детей и подростков, детский сад, ясли;ул. Марьинский Парк, 7, корп. 2, Москва;8 (800) 100-20-24;baby-club.ru
Школа эмоционального развития EVA;Центр развития ребёнка, клуб для детей и подростков, дополнительное образование;Митинская ул., 28, корп. 5, Москва;+7 (904) 568-17-55;www.eva-school.ru
ЛОГОЛЕНДиЯ;Логопеды, центр развития ребёнка, детский сад, ясли, детский лагерь отдыха, психологическая служба;Красногорский бул., 26, Красногорск;+7 (985) 393-92-88;logolandiya.ru
Юнион;Центр развития ребёнка, клуб для детей и подростков;Чоботовская ул., 1, Москва;+7 (495) 731-02-94;union.mcgalaktika.ru
Пенаты;Детский сад, ясли, клуб для детей и подростков, центр развития ребёнка, курсы иностранных языков;Молодёжная ул., 2, Красногорск;+7 (904) 567-36-85;www.penatybabyclub.ru
Квентин Дети;Центр развития ребёнка, логопеды, курсы и мастер-классы;Варшавское ш., 108, корп. 1, Москва;+7 (495) 476-47-08;kventin.msk.ru
Солнечный Кот;Центр развития ребёнка, клуб для детей и подростков, курсы иностранных языков;Советская ул., 1А, Щёлково;+7 (964) 526-61-94;солнечныйкот.рф
ОблакоKids;Детский сад, ясли, центр развития ребёнка, курсы иностранных языков;ул. Академика Королёва, 10, Москва;+7 (495) 928-67-08;www.oblakokids.com
Happy Mother;Центр развития ребёнка, детский сад, ясли;Симферопольский бул., 13, корп. Б, Москва;+7 (499) 794-46-91;www.happymother.club
Английский детский сад Happy&Bright;Детский сад, ясли, центр развития ребёнка, курсы иностранных языков;Мичуринский просп., 34, Москва;+7 (495) 191-02-67;happy-bright.ru
Speedcubing Club;Центр развития ребёнка, клуб для детей и подростков, дополнительное образование;Старопетровский пр., 1, стр. 2, Москва;+7 (906) 401-11-07;speedcubing.club
Schoolford, сеть школ скорочтения и развития интеллекта;Центр развития ребёнка, логопеды, дополнительное образование;ул. Вавилова, 54, корп. 4, Москва;+7 (936) 108-39-18;schoolford-centr.ru
Яркий Я!;Курсы иностранных языков, логопеды, клуб для детей и подростков, центр развития ребёнка, детский лагерь отдыха;2-й Первомайский пр., 4, Мытищи;+7 (963) 963-00-05;jarkij-ja.tilda.ws
Умный малыш;Детский сад, ясли, клуб для детей и подростков, центр развития ребёнка;ул. Александра Солженицына, 16, стр. 2, Москва;+7 (495) 409-10-90;cleverbaby.ru
Каллидус;Центр развития ребёнка, логопеды, детский сад, ясли;Рублёвское ш., 20, корп. 3, Москва;+7 (980) 697-73-38;kallidus.ru
Дворец творчества и молодёжи им. А. П. Гайдара;Дополнительное образование, спортивный клуб, секция, центр развития ребёнка;ул. Лефортовский Вал, 14, Москва;+7 (499) 179-65-11;dpgaidar.mskobr.ru
Детский центр развития Прометей;Центр развития ребёнка, дополнительное образование;ул. Горького, 12Б, Королёв;+7 (916) 596-77-53;dcr-prometei.ru
ABA-центр в наших руках;Логопеды, центр развития ребёнка;Красноармейская ул., 70, рабочий посёлок Нахабино;+7 (495) 997-00-75;aba-sluzhba.ru
БК клуб;Центр развития ребёнка, детский сад, ясли, дополнительное образование;Мичуринский просп., 3, Москва;+7 (499) 938-68-12;bk-club.com
Ай да детки!;Центр развития ребёнка, дополнительное образование, школа искусств;ул. Маршала Тухачевского, 50, корп. 2, Москва;+7 (966) 739-66-47;aj-da-detki.ru
Семейный центр Улей;Центр развития ребёнка, клуб для детей и подростков, семейный психологический центр;ул. Игоря Мерлушкина, 10, Красногорск;8 (800) 500-26-03;uleyfamily.ru
Детский центр Солнышко;Центр развития ребёнка, детский сад, ясли;ул. Исаева, 7, Королёв;+7 (926) 543-94-24;solnyshko-centr.ru
Центр детского развития Owl School;Детский сад, ясли, центр развития ребёнка, детский лагерь отдыха;просп. Мира, 102, стр. 38, Москва;+7 (901) 256-40-54;www.owlschool.ru
Дом молодёжи Сокольники;Центр развития ребёнка, логопеды, школа танцев;Сокольническая площадь, 7, Москва;+7 (915) 103-79-32;www.dm-sokolniki.ru
Размышляйки;Центр развития ребёнка;Братиславская ул., 6, Москва;+7 (926) 908-22-12;размышляйки.рф
Центр;Школа искусств, центр развития ребёнка, дополнительное образование;Волгоградский просп., 109, корп. 6, Москва;+7 (495) 919-31-21;dshi.center
Музыка с мамой;Центр развития ребёнка;Лукинская ул., 8, корп. 1, Москва;+7 (495) 518-19-83;www.m-w-m.ru
Детский центр Водолей;Клуб для детей и подростков, центр развития ребёнка, клуб досуга;Абрамцевская ул., 9, корп. 1, Москва;+7 (499) 908-01-13;clubvodoley.ru
Центр творчества для детей и взрослых PROдвижение;Центр развития ребёнка, центр йоги, клуб для детей и подростков, курсы и мастер-классы;ул. Руднёвка, 23, Москва;+7 (904) 567-37-93;centr.prodvizhenie.tilda.ws
Островок;Детский сад, ясли, центр развития ребёнка, детский лагерь отдыха, дополнительное образование;Бойцовая ул., 25А, Москва;+7 (903) 136-11-79;www.ostrovokmsk.ru
Детский центр Librimi;Детский сад, ясли, центр развития ребёнка, дополнительное образование;Амурская ул., 1А, корп. 4, Москва;+7 (999) 444-78-32;librimi.ru
Sun School;Детский сад, ясли, центр развития ребёнка;ул. Авиаконструктора Микояна, 14, корп. 2, Москва;8 (800) 775-60-47;sunschool.ru
Детский развивающий Монтессори центр Крепыш в Красково;Центр развития ребёнка;Школьная ул., 2/8, дачный посёлок Красково;+7 (926) 220-35-87;www.mala7.ru
Клуб Витамин;Детский сад, ясли, клуб для детей и подростков, центр развития ребёнка;Лесная ул., 16, посёлок Отрадное;+7 (965) 154-48-20;vitaminvlesu.ru
Цветочный город;Центр развития ребёнка;ул. Борисовка, 12А, Мытищи;+7 (916) 716-98-31;www.cvetgorod.com
Школа скорочтения и развития интеллекта Iq007;Дополнительное образование, клуб для детей и подростков, центр развития ребёнка;Красногорский бул., 19, Красногорск;8 (804) 333-80-07;iq007uzao.ru
Развивающий центр Открытие;Центр развития ребёнка;ул. Маршала Голованова, 3, корп. 2, Москва;+7 (499) 477-20-87;sch2087uv.mskobr.ru
Островок;Детский сад, ясли, центр развития ребёнка, детский лагерь отдыха;ул. Дмитрия Ульянова, 4, корп. 2, стр. 2, Москва;+7 (903) 136-11-89;ostrovokmsk.ru
Magic Castle;Детский сад, ясли, центр развития ребёнка, курсы иностранных языков;Живописная ул., 3, корп. 1, Москва;8 (800) 511-20-16;kidclub.xbridge.ru
Родительская школа Драгоценность;Школа для будущих мам, центр развития ребёнка, курсы и мастер-классы;Авиамоторная ул., 23, Москва;+7 (903) 009-33-48;gemschool-kids.com
Бэби-клуб;Детский сад, ясли, клуб для детей и подростков, центр развития ребёнка;Кастанаевская ул., 43, корп. 2, Москва;8 (800) 100-20-24;baby-club.ru
Аква-садик Плыви, малыш;Детский сад, ясли, бассейн, центр развития ребёнка;Мичуринский просп., 16, Москва;+7 (495) 514-03-02;kidsfunclub.ru
Маленькая страна Смарт Ленд;Центр развития ребёнка, начальная школа, детский сад, ясли;ул. Веры Волошиной, 48, Мытищи;+7 (985) 816-04-12;www.toy-strana.ru
Знайка;Дополнительное образование, логопеды, центр развития ребёнка;ул. Римского-Корсакова, 1, Москва;+7 (929) 594-91-57;otradnoedeti.ru
Подготовка к школе;Центр развития ребёнка, учебный центр, услуги репетиторов;ул. Матросова, 8, Мытищи;+7 (905) 520-21-15;gotov-school.ru
Iq007;Учебный центр, центр развития ребёнка, дополнительное образование;Ангарская ул., 57, корп. 1, Москва;+7 (495) 799-01-88;iq007.ru
Детский клуб Осьминожка;Центр развития ребёнка;Москва, поселение Внуковское, улица Авиаконструктора Петлякова, 25;+7 (977) 805-36-79;www.osmiclub.ru
Design Party;Школа искусств, центр развития ребёнка, художественная мастерская;Береговой пр., 5А, корп. 7, Москва;+7 (985) 929-97-32;designpartystudio.ru
Культурный центр Оптимист;Культурный центр, клуб для детей и подростков, центр развития ребёнка;1-й Сетуньский пр., 16/2, Москва;+7 (495) 507-25-67;www.optimistclub.ru
Монтессори;Детский сад, ясли, клуб для детей и подростков, центр развития ребёнка;Снежная ул., 23, Москва;+7 (977) 291-26-11;centrsviblovo.ru
Центр досуга и творчества Огонёк;Центр развития ребёнка, спортивный клуб, секция, клуб для детей и подростков, клуб досуга;ул. Герасима Курина, 44, корп. 1, Москва;+7 (499) 144-55-19;ogonek.mcgalaktika.ru
Клуб Перово;Клуб для детей и подростков, логопеды, центр развития ребёнка;2-я Владимирская ул., 9Б, Москва;+7 (904) 568-14-30;perovo-club.ru
Mini Bambini;Детский сад, ясли, логопеды, центр развития ребёнка;Красногорский бул., 6, Красногорск;+7 (985) 822-70-57;mini-bambini-centr.ru
Студия ДетиПлюс;Центр развития ребёнка;ул. Чистяковой, 2, Одинцово;+7 (926) 613-89-40;detipluss.ru
Детская студия гармоничного развития Ерошка;Центр развития ребёнка, логопеды, клуб для детей и подростков;ул. Генерала Белова, 2, Москва;+7 (968) 382-70-44;eroshka-studio.ru
Говорить легко;Логопеды, центр развития ребёнка, детский сад, ясли;Привольная ул., 73, корп. 1, Москва;+7 (939) 555-29-18;www.easy-speech.ru
Нью-Ньютоны;Центр развития ребёнка, детский лагерь отдыха, дополнительное образование;бул. Космонавтов, 5, Красногорск;+7 (915) 151-42-24;izumrudnie-holmi.new-newtons.ru
Росток;Центр развития ребёнка, спортивный клуб, секция;пр. Кадомцева, 11, корп. 1, Москва;+7 (499) 187-41-71;dkrostok.ru
Prokids;Детский сад, ясли, логопеды, центр развития ребёнка;ул. Гримау, 9, корп. 2, Москва;+7 (984) 333-41-08;prokids-detsky-tsentr-i-sad.ru
Школа скорочтения и развития интеллекта Iq007;Центр развития ребёнка, логопеды, курсы и мастер-классы;Каргопольская ул., 17, Москва;+7 (968) 007-66-00;iq007otradnoe.ru
Детский развивающий центр Самолёт;Детский сад, ясли, клуб для детей и подростков, центр развития ребёнка;ул. Авиаторов, 2, корп. 2, 115-й квартал, Люберцы;+7 (909) 977-75-98;самолетдетство.рф
Аквакласс - Сеть студий раннего плавания;Бассейн, центр развития ребёнка, оздоровительный центр;ул. Академика Королёва, 10, Москва;+7 (499) 455-07-13;aqua-class.com
AMAKids;Центр развития ребёнка;Рублёвское ш., 20, корп. 3, Москва;+7 (925) 555-27-23;amakids.ru
Синяя Птица;Детский сад, ясли, центр развития ребёнка, дополнительное образование;ул. Грузинский Вал, 26, стр. 3, Москва;+7 (915) 277-99-19;www.bb-baby.ru
Радуга;Центр развития ребёнка, клуб для детей и подростков;ул. Верхние Поля, 38, корп. 1, Москва;+7 (495) 654-05-97;centrraduga.ru
Яркий акцент;Центр развития ребёнка, клуб для детей и подростков, развлекательный центр;Ярцевская ул., 28, Москва;+7 (967) 154-66-12;yarkiy-aktsent.ru
SmartyKids;Центр развития ребёнка, клуб для детей и подростков, курсы и мастер-классы;Братиславская ул., 33, Москва;+7 (903) 798-12-76;smartyclub.su
Три ступеньки;Центр развития ребёнка;ул. Мира, 38, Мытищи;+7 (968) 676-08-54;logodefekt.su
Семейный клуб Варенье;Центр развития ребёнка, детский сад, ясли, школа танцев;Рябиновая ул., 2, посёлок ВНИИССОК;+7 (499) 391-39-61;varenieclub.ru
Small- клуб;Центр развития ребёнка;Некрасовская ул., 7, Москва;+7 (963) 727-00-63;smallclub.ru
Детская академия речи;Логопеды, детский коррекционный центр, центр развития ребёнка;Рублёвское ш., 95, корп. 1, Москва;+7 (495) 292-32-60;www.logoakademia.ru
Маяк;Детский сад, ясли, логопеды, центр развития ребёнка;Судостроительная ул., 18, корп. 5, Москва;+7 (963) 720-63-63;sad-mayak.ru
1000 Шагов;Клуб для детей и подростков, социальная реабилитация, логопеды, центр развития ребёнка;Молодёжная ул., 60, Химки;+7 (925) 356-00-16;1000shagov.ru
One! International School;Детский сад, ясли, центр развития ребёнка, курсы иностранных языков, дополнительное образование;ул. Гашека, 6, Москва;+7 (495) 152-22-21;oneischool.com
Мозаика;Центр развития ребёнка, курсы и мастер-классы, частная школа;ул. Октября, 30, Реутов;+7 (499) 325-31-34;klubmozaika.ru
AMAKids;Центр развития ребёнка;ул. Скульптора Мухиной, 2, Москва;8 (800) 500-39-79;amakids.ru
Дом творчества Аминьево;Дополнительное образование, клуб для детей и подростков, центр развития ребёнка;ул. Артамонова, 11, Москва;+7 (495) 443-42-49;dopobr97.ru
Школа Талантливых детей;Начальная школа, центр развития ребёнка, детский сад, ясли;Луганская ул., 4, корп. 1, Москва;+7 (925) 203-70-13;shkolatalantov.ru
Ясли-сад Гудвин;Детский сад, ясли, логопеды, центр развития ребёнка;ул. Верхние Поля, 37, корп. 2, Москва;+7 (980) 697-62-57;www.goodwinkids.ru
ГБОУДО Дворец творчества детей и молодежи имени А. П. Гайдара;Дополнительное образование, клуб для детей и подростков, центр развития ребёнка;Рязанский просп., 2, стр. 24, Москва;+7 (499) 179-65-11;dpgaidar.mskobr.ru
Весёлый Паровозик;Центр развития ребёнка;просп. Гагарина, 26, корп. 2, микрорайон Красная Горка, Люберцы;+7 (929) 606-07-89;www.ves-parovozik.ru
Смышленок;Детский сад, ясли, логопеды, центр развития ребёнка;ул. Маршала Захарова, 3, Москва;+7 (499) 938-65-02;smishlenok-club.ru
Клевер;Детский сад, ясли, центр развития ребёнка;Высоковольтный пр., 1, корп. 7, Москва;+7 (499) 391-97-90;clever.center
Discovery;Детский сад, ясли, центр развития ребёнка, курсы иностранных языков;Измайловский пр., 10, корп. 4, Москва;+7 (904) 567-34-26;discoveryschool.ru
Los ninos;Детский сад, ясли, клуб для детей и подростков, центр развития ребёнка;ул. Анатолия Живова, 1, Москва;+7 (977) 943-82-80;losninos.ru
Кнопики;Центр развития ребёнка;ул. Медиков, 22, корп. 3, Москва;+7 (926) 639-82-31;tvorisknopikami.ru
Детская студия интеллектуального творчества и спортивный клуб Грамотеи;Центр развития ребёнка, клуб для детей и подростков;1-я Главная ул., 3А, Дедовск;+7 (925) 417-34-54;студия-грамотеи.рф
Рождество;Семейный психологический центр, школа для будущих мам, центр развития ребёнка, дополнительное образование;Старообрядческая ул., 32, Москва;+7 (495) 504-56-12;www.rojdestvo.ru
Школа скорочтения и развития интеллекта Iq007;Центр развития ребёнка, клуб для детей и подростков;ул. Панфилова, 27, рабочий посёлок Нахабино;+7 (977) 895-63-17;iq007.ru
Твайс;Детский сад, ясли, организация и проведение детских праздников, центр развития ребёнка;Малая Грузинская ул., 29, стр. 3, Москва;+7 (916) 508-87-51;gk-twice.ru
Детская академия речи;Логопеды, детский коррекционный центр, центр развития ребёнка;Петрозаводская ул., 28, корп. 3, Москва;+7 (495) 292-32-60;www.logoakademia.ru
Плэйландия Кидс;Детский сад, ясли, центр развития ребёнка;Ленинский просп., 111, корп. 1, Москва;+7 (495) 414-46-75;playlandia-kids.ru
ГБОУ школа № 1599, дошкольное отделение;Детский сад, ясли, центр развития ребёнка;Осенний бул., 7, корп. 4, Москва;+7 (495) 413-00-94;ds1599.ru
Sun School;Детский сад, ясли, клуб для детей и подростков, центр развития ребёнка, курсы иностранных языков;Молодогвардейская ул., 8, корп. 1, Москва;8 (800) 775-60-47;sunschool.ru
Discovery English Preschool;Детский сад, ясли, центр развития ребёнка, курсы иностранных языков;Краснопролетарская ул., 9, корп. 2, Москва;+7 (499) 877-59-47;discoveryschool.ru
Детский сад Монтессори Бамбини;Детский сад, ясли, центр развития ребёнка;ул. Героев Панфиловцев, 11, корп. 2, Москва;+7 (495) 494-65-75;bambinimoscow.ru
Английский детский сад Baby-Family;Детский сад, ясли, центр развития ребёнка, курсы иностранных языков;Флотская ул., 7, корп. 4, Москва;+7 (963) 925-53-51;baby-family.ru
Бэби тайм;Детский сад, ясли, центр развития ребёнка;Хованская ул., 6, Москва;+7 (495) 616-39-87;babystime-club.ru
Ступеньки;Центр развития ребёнка;Цимлянская ул., 24, Москва;+7 (926) 586-39-33;stupenki-kids.ru
Детский центр развития и творчества Малина;Центр развития ребёнка;ул. Твардовского, 32, Балашиха;+7 (926) 208-94-90;malina-club.ru
Кенгуру;Центр развития ребёнка, центр йоги, школа танцев;Братиславская ул., 18, корп. 1, Москва;+7 (929) 679-92-03;detivita.ru
С. С. С. Р.;Клуб для детей и подростков, организация и проведение детских праздников, центр развития ребёнка;Ленинский просп., 158, стр. 3, Москва;+7 (499) 490-44-81;raketa-cccp.clients.site
Частная начальная школа Новый взгляд;Начальная школа, клуб для детей и подростков, центр развития ребёнка;Усачёва ул., 1, стр. 1, Москва;+7 (495) 129-41-28;garden.study
Пифагорка;Центр развития ребёнка, клуб для детей и подростков, дополнительное образование;Большая Татарская ул., 32, Москва;+7 (977) 951-39-59;moscow.pifagorka.com
Sun School;Детский сад, ясли, клуб для детей и подростков, центр развития ребёнка;Малая Пироговская ул., 8, Москва;8 (800) 775-60-47;sunschool.ru
Семейный центр Генерик;Детский сад, ясли, клуб для детей и подростков, центр развития ребёнка;просп. Вернадского, 92, Москва;+7 (958) 111-53-69;generic-center.ru
Под крылом;Центр развития ребёнка, логопеды, оздоровительный центр, медицинская реабилитация;Совхозная ул., 25, корп. 1, микрорайон Левобережный, Химки;+7 (985) 080-36-93;pod-krylom.ru
Дитя&Вселенная;Детский сад, ясли, клуб для детей и подростков, центр развития ребёнка;Покровская ул., 14, Москва;+7 (926) 843-93-95;aipkx.tb.ru
Частный детский сад Kids World International Preschool;Детский сад, ясли, клуб для детей и подростков, центр развития ребёнка;Старая Басманная ул., 15, стр. 1, Москва;+7 (962) 999-80-08;mykidsworld.ru
Центр досуга и спорта;Клуб досуга, центр развития ребёнка;ул. Новаторов, 6, Москва;+7 (495) 935-90-30;obruchcdis.mos.ru
Центр коррекции речи Живое слово;Логопеды, центр развития ребёнка, услуги репетиторов;ул. Миклухо-Маклая, 30, Москва;+7 (980) 041-05-94;zhivoeslovo.center
Космолэнд;Детский сад, ясли, клуб для детей и подростков, центр развития ребёнка;Минская ул., 1Г, корп. 1, Москва;+7 (495) 414-33-67;alertumkids.ru
Семейный центр Pride;Центр развития ребёнка, курсы иностранных языков, дополнительное образование;бул. Маршала Крылова, 25А, Одинцово;+7 (916) 115-18-38;prides.center
Игровая академия;Центр развития ребёнка, детские игровые залы и площадки, организация и проведение детских праздников, детский сад, ясли;ул. Авиаконструктора Миля, 15, корп. 1, Москва;+7 (983) 073-11-82;igrovaya-academy.ru
Сами с усами;Детский сад, ясли, центр развития ребёнка;Никулинская ул., 31, Москва;+7 (967) 235-99-20;club-det.ru
One! International School;Детский сад, ясли, центр развития ребёнка, дополнительное образование;Мосфильмовская ул., 88, корп. 1, Москва;+7 (495) 152-22-21;oneischool.com
Детский сад и школа Гулливер;Детский сад, ясли, центр развития ребёнка, дополнительное образование;Митинская ул., 19, Москва;+7 (967) 438-90-76;www.club-gulliver.ru
Центр образования и развития Абвгд;Центр развития ребёнка, дополнительное образование;2, квартал Изумрудный, Балашиха;+7 (903) 220-89-83;abvgd.ucoz.org
Станция - Детство;Детский сад, ясли, клуб для детей и подростков, центр развития ребёнка;Северная ул., 71, село Дубки;+7 (495) 369-48-37;child-station.ru
Непоседы;Творческий коллектив, центр развития ребёнка, дополнительное образование, театр;ул. Сретенка, 1, Москва;+7 (495) 991-91-94;neposedi.ru
Логопед плюс;Логопеды, центр развития ребёнка;Снежная ул., 16, корп. 5, Москва;+7 (495) 150-43-47;logopedmaster.ru
Умка;Центр развития ребёнка;16-я Парковая ул., 27, Москва;+7 (499) 464-12-29;umkavao.ru
Гармония;Центр развития ребёнка, фитнес-клуб;Хабаровская ул., 18, корп. 1, Москва;+7 (926) 901-83-22;www.anogarmonia.ru
Центр логопедов и нейропсихологов Практика;Логопеды, центр развития ребёнка, услуги репетиторов;ул. Сокольнический Вал, 52/5, Москва;+7 (916) 422-70-59;praktiklogo.ru
Культурно-Досуговый центр Светёлка;Центр развития ребёнка, клуб для детей и подростков, культурный центр;Новочеркасский бул., 42, Москва;+7 (916) 022-39-88;asm92.ru
Английский детский сад Детский Факультет;Детский сад, ясли, центр развития ребёнка;ул. Архитектора Власова, 20, Москва;+7 (916) 232-55-07;kidsfakultet.ru
Сильвант;Центр развития ребёнка, клуб для детей и подростков, курсы и мастер-классы;ул. Маршала Кожедуба, 4, Москва;+7 (499) 722-05-51;www.poooc.ru
Играйка;Центр развития ребёнка, организация и проведение детских праздников, клуб для детей и подростков;просп. Победы, 13, микрорайон Красная Горка, Люберцы;+7 (968) 092-73-45;клуб-мультик.рф
Iq007;Центр развития ребёнка, клуб для детей и подростков, дополнительное образование, учебный центр;ул. Дмитриевского, 17, Москва;+7 (926) 889-73-55;iq007.ru
Снежинка;Спортивный клуб, секция, центр развития ребёнка, школа танцев;2-й Новоподмосковный пер., 3, Москва;+7 (499) 159-21-33;snowflakedance.club
Sun School;Детский сад, ясли, центр развития ребёнка, курсы иностранных языков;просп. Будённого, 51, корп. 6, Москва;8 (800) 775-60-47;sunschool.ru
P'titCREF;Детский сад, ясли, центр развития ребёнка, курсы иностранных языков;Большой Афанасьевский пер., 41, Москва;+7 (495) 697-20-06;ptitcref.com
Smile Fish;Детский сад, ясли, центр развития ребёнка;ул. Строителей, 6, корп. 5, Москва;+7 (925) 333-33-10;smilefish.ru
Плэйландия кидс;Детский сад, ясли, клуб для детей и подростков, центр развития ребёнка;ул. Лобачевского, 92, корп. 2, Москва;+7 (495) 150-37-73;playlandia-kids.ru
Детская академия речи;Логопеды, детский коррекционный центр, центр развития ребёнка;ул. Вилиса Лациса, 27, корп. 1, Москва;+7 (495) 230-51-44;www.logoakademia.ru
Горница Узорница;Центр развития ребёнка, детский сад, ясли;ш. Энтузиастов, 86А, корп. 1, Москва;8 (800) 555-95-16;www.gornica-uzornica.ru
AMAKids;Центр развития ребёнка;ул. Шверника, 2, корп. 1, Москва;8 (800) 500-39-79;amakids.ru
Семейный центр Детство;Детский сад, ясли, центр развития ребёнка, частная школа;Благовещенская ул., 17, Мытищи;+7 (495) 510-31-31;www.detstvocenter.ru
Детский клуб Умняшка;Клуб для детей и подростков, центр развития ребёнка;ул. Дмитриева, 28, Балашиха;+7 (903) 112-59-11;клубумняшка.рф
Студия Кидс;Центр развития ребёнка;Октябрьская ул., 103, корп. 1, Москва;+7 (916) 500-34-31;studiya-kids.ru
ГБУ ЦД Даниил;Клуб досуга, центр развития ребёнка;Люсиновская ул., 53, Москва;+7 (499) 237-90-40;mir-molodih.ru
Discovery English Preschool;Детский сад, ясли, клуб для детей и подростков, центр развития ребёнка;Мичуринский просп., 16, Москва;+7 (499) 877-59-47;www.discoveryschool.ru
Центр развития для детей и взрослых Радуга жизни;Центр развития ребёнка, детский сад, ясли, дополнительное образование;Преображенская ул., 6, корп. 2, Люберцы;+7 (965) 282-34-40;центр-радуга-жизни.рф
Океан;Центр развития ребёнка, бассейн;Бережковская наб., 20, стр. 45, Москва;+7 (985) 199-33-88;oceankidz.ru
Sun School;Детский сад, ясли, клуб для детей и подростков, центр развития ребёнка;пр. Невельского, 3, корп. 2, Москва;8 (800) 775-60-47;sunschool.ru
Территория Знаний;Центр развития ребёнка;ул. Свердлова, 12, Балашиха;8 (800) 100-43-31;ter-zn.ru
Частный детский сад Rainbow;Детский сад, ясли, логопеды, центр развития ребёнка;Ленинский просп., 94А, Москва;+7 (985) 784-84-92;частный-детский-сад-ленинский.рф
Английский детский сад Little Stars;Детский сад, ясли, центр развития ребёнка, детский лагерь отдыха;Давыдковская ул., 18, Москва;+7 (916) 968-20-04;little-stars.ru
Детский развивающий клуб Гном;Центр развития ребёнка, врач-психотерапевт;ул. Победы, 20, Реутов;+7 (925) 066-41-01;clubgnom.ru
Солнышко АНО ДОО Мир Детства;Детский сад, ясли, центр развития ребёнка, дополнительное образование;ул. Кибальчича, 8, стр. 1, Москва;+7 (495) 775-10-55;anomir.ru
Созвездие;Детский сад, ясли, центр развития ребёнка;ул. Белобородова, вл2Б, Мытищи;+7 (916) 810-79-47;taplink.cc
ArtGinda;Школа искусств, центр развития ребёнка;ул. Марьинский Парк, 17, корп. 2, Москва;+7 (926) 146-00-47;www.art-ginda.ru
Английский детский центр Lucky Kids;Курсы иностранных языков, центр развития ребёнка, детский сад, ясли;Высоковольтный пр., 1, корп. 6, Москва;+7 (916) 138-61-62;luckykids-club.ru
Абвгдейка;Детский сад, ясли, клуб для детей и подростков, центр развития ребёнка;ул. имени Академика В.Н. Челомея, 7, Реутов;+7 (901) 257-35-06;www.abvgdeika.su
Триумф;Клуб досуга, клуб для детей и подростков, центр развития ребёнка;ул. Руднёвка, 12, Москва;+7 (499) 721-13-81;центртриумф.рф
Дмитровский, центр образования, развития и досуга;Услуги репетиторов, клуб для детей и подростков, центр развития ребёнка, дополнительное образование;Ангарская ул., 67, корп. 3, Москва;+7 (495) 922-57-29;www.egelegko.ru
Школа скорочтения и развития интеллекта у детей;Центр развития ребёнка, курсы иностранных языков, дополнительное образование;ул. Власова, 4, Люберцы;+7 (904) 568-24-88;lyubertsy.turboread.ru
Discovery English Preschool;Детский сад, ясли, центр развития ребёнка, курсы иностранных языков;ул. Дыбенко, 7/1, Москва;+7 (499) 877-59-47;discoveryschool.ru
Умзания;Центр развития ребёнка;Складочная ул., 1, стр. 1, Москва;8 (800) 700-23-58;umzaniya.ru
Частный детский сад Лучик на Остоженке;Детский сад, ясли, центр развития ребёнка, детский лагерь отдыха;ул. Остоженка, 7, стр. 1, Москва;+7 (495) 120-04-50;ostozhenka.luchik.ru
Эврика-ви;Центр развития ребёнка;ул. Сукромка, 7, Мытищи;+7 (905) 585-54-58;evrika-vi.ru
Гнездо счастливых семей;Детский сад, ясли, центр развития ребёнка;Боровское ш., 2, корп. 5, Москва;+7 (977) 950-74-26;www.gnezdofamily.ru
GeekBrains;Компьютерные курсы, дополнительное образование, учебный центр;Ленинградский просп., 39, стр. 79, Москва;8 (800) 700-68-41;gb.ru
Городской центр дополнительного профессионального образования;Центр повышения квалификации, компьютерные курсы, дополнительное образование;3-я ул. Ямского Поля, 2, корп. 13, Москва;+7 (495) 150-31-41;doprof.ru
Профакадемия;Учебный центр, курсы и мастер-классы, дополнительное образование;Барабанный пер., 3, Москва;+7 (495) 380-31-02;profacademia.ru
Образовательный центр Руно;Учебный центр, центр повышения квалификации, бухгалтерские курсы;Волгоградский просп., 2, Москва;+7 (925) 970-25-40;cpb-runo.ru
Учебный центр Международный центр профессионального образования Мцпо;Учебный центр, курсы и мастер-классы, дополнительное образование;ул. Кузнецкий Мост, 19, стр. 2, Москва;+7 (499) 283-69-75;www.mzpo-s.ru
Специалист, при МГТУ им. Баумана;Учебный центр, компьютерные курсы, бухгалтерские курсы;Госпитальный пер., 4-6с3, Москва;+7 (495) 780-48-49;www.specialist.ru
Высшая школа Ремёсел;Курсы и мастер-классы, дополнительное образование, учебный центр;ул. Годовикова, 9, стр. 25, Москва;+7 (985) 723-71-79;arterudit.ru
Центр повышения квалификации и профессиональной переподготовки;Центр повышения квалификации, курсы и мастер-классы, дополнительное образование;3-я ул. Ямского Поля, 2, корп. 13, Москва;8 (800) 222-61-62;cpkpp.ru
Учебный центр мастеров швейного производства;Учебный центр, курсы и мастер-классы, дополнительное образование;2-я Песчаная ул., 8, Москва;+7 (903) 170-49-66;master-shvey.ru
Институт дополнительного профессионального образования;Дополнительное образование, центр повышения квалификации;Ярославская ул., 8, корп. 4, Москва;+7 (495) 108-60-74;dpo-institute.ru
Стек;Бухгалтерские курсы, курсы иностранных языков, учебный центр;Большая Татарская ул., 35с7-9, Москва;+7 (495) 108-65-87;www.stekaudit.ru
Русская школа Управления;Бизнес-школа, центр повышения квалификации, учебный центр, тренинги;просп. Мира, 119, стр. 619, Москва;8 (800) 100-02-03;uprav.ru
Учебный центр Стиль;Дополнительное образование, курсы иностранных языков, центр повышения квалификации;Басманный пер., 9, Москва;+7 (925) 505-01-62;c-school.ru
Московская школа программистов;Дополнительное образование, компьютерные курсы, учебный центр;Долгопрудненское ш., 3, Москва;+7 (495) 150-64-35;informatics.ru
Курсы первой помощи Российского Красного Креста;Учебный центр, дополнительное образование, общественная организация;Черёмушкинский пр., 5, Москва;+7 (499) 126-75-71 (доб. 223);firstaid-rrc.ru
Пром.Техноград;Курсы и мастер-классы, центр повышения квалификации, дополнительное образование;просп. Мира, 119, стр. 63, Москва;+7 (495) 103-96-16;technograd.moscow
Rma;Бизнес-школа, центр повышения квалификации, дополнительное образование;Нижняя Сыромятническая ул., 10, стр. 12, Москва;+7 (495) 640-15-45;www.rma.ru
Contented;Курсы и мастер-классы, дополнительное образование, учебный центр;Ленинский просп., 2/4, Москва;+7 (495) 291-32-01;contented.ru
Национальный исследовательский институт дополнительного образования и профессионального обучения;Учебный центр, центр повышения квалификации, дополнительное образование;Черноморский бул., 4, корп. 3, Москва;8 (800) 707-52-87;niidpo.ru
Международный институт Сертифицированного Образования и Повышения Квалификации;Дополнительное образование, обучение мастеров для салонов красоты, центр повышения квалификации;Ленинский просп., 131, Москва;+7 (985) 519-98-30;www.mosmiso.ru
Учебный центр русского языка МГУ;Учебный центр, дополнительное образование;Милютинский пер., 15, стр. 2А, Москва;+7 (495) 761-98-85;www.mgu-russian.com
Русская академия Ремёсел;Курсы и мастер-классы, дополнительное образование;Нижняя Сыромятническая ул., 11, стр. 52, Москва;+7 (499) 938-76-84;academycrafts.ru
Ассоциация Профессионалов Фитнеса FPA;Учебный центр, курсы и мастер-классы, центр повышения квалификации;Малая Семёновская ул., 9, стр. 9, Москва;+7 (926) 583-00-41;fitness-pro.ru
Московский институт профессиональной переподготовки и повышения квалификации педагогов;Центр повышения квалификации, дополнительное образование, учебный центр;ул. Радио, 7, стр. 1, Москва;8 (800) 500-25-52;institut.moscow
Kidsdev академия будущего для школьников 7-17 лет;Дополнительное образование, курсы и мастер-классы;Большой Тишинский пер., 24, Москва;+7 (495) 822-31-32;kidsdev.academy
ФГАОУ ДПО академия Минпросвещения России;Центр повышения квалификации, дополнительное образование;Головинское ш., 8, корп. 2, Москва;+7 (495) 969-26-17;apkpro.ru
Высшая Психологическая школа;Центр повышения квалификации, курсы и мастер-классы;Селезнёвская ул., 11А, стр. 2, Москва;+7 (985) 054-46-64;psyschool.com.ru
Академия профессионального развития;Дополнительное образование, курсы и мастер-классы, центр повышения квалификации;просп. Мира, 3, стр. 3, Москва;+7 (495) 646-01-87;www.apr.center
ФГБОУ ДПО институт развития профессионального образования;Центр повышения квалификации, дополнительное образование;Большая Грузинская ул., 12, стр. 2, Москва;+7 (495) 114-55-21;firpo.ru
Учебный центр Армо;Учебный центр, центр повышения квалификации, дополнительное образование;Большая Новодмитровская ул., 14, стр. 2, Москва;+7 (909) 169-18-45;www.armo-training.ru
Университет Бизнеса № 1;Центр повышения квалификации, курсы и мастер-классы, дополнительное образование;ул. Бутырский Вал, 10, Москва;+7 (999) 333-12-97;ub1.ru
Центр дополнительного профессионального образования № 1;Обучение мастеров для салонов красоты, курсы и мастер-классы;Шарикоподшипниковская ул., 22, Москва;+7 (967) 118-18-21;www.департаментобразования.рф
УЦ Специалист;Учебный центр, дополнительное образование, автошкола;Силикатная ул., 16Г, стр. 1, Мытищи;+7 (495) 780-17-17;www.gims-gtn.ru
Полицент;Дополнительное образование, клуб для детей и подростков, курсы и мастер-классы;Красноармейская ул., 4, Москва;+7 (499) 490-48-45;polycent.ru
Инжинириум МГТУ им. Н. Э. Баумана;Курсы и мастер-классы, компьютерные курсы, дополнительное образование;Госпитальный пер., 4-6с1, Москва;+7 (495) 120-99-75;inginirium.ru
Хок Тренинг;Учебный центр, видеопроизводство, центр повышения квалификации;Филипповский пер., 8, стр. 1, Москва;+7 (495) 432-00-80;www.hocktraining.com
Учебный центр дистанционного обучения удаленным профессиям 100по100;Дополнительное образование, учебный центр, бизнес-школа;Малая Пироговская ул., 8, Москва;+7 (495) 118-23-08;100po100.video
Нетология;Учебный центр, центр повышения квалификации, дополнительное образование;Варшавское ш., 1, стр. 6, Москва;8 (800) 301-39-69;netolo.gy
НОЧУ ДПО Мосдор;Учебный центр, центр повышения квалификации, дополнительное образование;ул. Артюхиной, 6, корп. 1, Москва;+7 (499) 179-39-41;www.ukkmosdor.ru
IQ center;Дополнительное образование, курсы и мастер-классы, компьютерные курсы;Южнопортовая ул., 5, стр. 1, Москва;+7 (495) 023-59-69;iq.center
Международная школа Дизайна;Дополнительное образование, курсы и мастер-классы, школа искусств;ул. Шаболовка, 31Г, Москва;+7 (499) 707-07-06;designschool.ru
Курсы массажа Андрея Мартынова;Курсы и мастер-классы, центр повышения квалификации, учебный центр;Кронштадтский бул., 7А, Москва;+7 (499) 391-44-61;kursy-massazha-v-moskve.ru
Pitman Training;Курсы иностранных языков, центр повышения квалификации, дополнительное образование;Усачёва ул., 62, стр. 1, Москва;+7 (985) 533-00-80;pitman-training.ru
Учебный центр Амулет;Учебный центр, центр повышения квалификации, безопасность труда;Монтажная ул., 3, Москва;+7 (495) 978-40-23;9784023.ru
Лига барменов России;Курсы и мастер-классы, дополнительное образование, учебный центр;Большая Почтовая ул., 36, стр. 10, Москва;+7 (926) 907-87-58;ligabar.ru
Школа программирования Elbrus Coding Bootcamp;Компьютерные курсы, курсы и мастер-классы, дополнительное образование;ул. Орджоникидзе, 11, стр. 10, Москва;+7 (499) 325-37-25;elbrusboot.camp
Kids Mba;Бизнес-школа, курсы и мастер-классы, дополнительное образование;Неглинная ул., 29, стр. 3, Москва;8 (800) 551-14-07;kids-mba.ru
Институт Холодильных Систем и Пищевых Производств;Центр повышения квалификации;ул. Костякова, 12, стр. 2, Москва;+7 (495) 610-36-01;hladin.ru
Школа Ресторанного Сервиса Service For HoReCa;Курсы и мастер-классы, учебный центр, тренинги;ул. Сущёвский Вал, 5, стр. 2, Москва;+7 (915) 897-34-56;serviceforhoreca.ru
Специалист при МГТУ им. Баумана;Учебный центр, компьютерные курсы, бухгалтерские курсы;ул. Радио, 24, корп. 1, Москва;+7 (495) 640-48-54;www.specialist.ru
Академия профессиональных стандартов;Дополнительное образование;Измайловское ш., 71к4Г-Д, Москва;8 (800) 333-64-82;dpoaps.ru
Первый ветеринарный институт им. В. Н. Митина;Дополнительное образование, учебный центр;ул. Маршала Катукова, 22, корп. 2, Москва;+7 (495) 798-46-08;www.eduvet.ru
Учебный центр Karl Storz;Курсы и мастер-классы, центр повышения квалификации, дополнительное образование, медицинские изделия и расходные материалы;Дербеневская наб., 7, стр. 4, Москва;+7 (495) 987-37-19;www.endotraining.ru
Институт массажа и косметологии;Дополнительное образование, обучение мастеров для салонов красоты, центр повышения квалификации;ул. Земляной Вал, 54, стр. 1, Москва;+7 (495) 364-08-67;massage-cosmetology.ru
Geekz;Дополнительное образование, ВУЗ;Большая Садовая ул., 5, корп. 1, Москва;+7 (931) 009-32-42;geekz.ru
Курсы ЕГЭ Годограф;Учебный центр, дополнительное образование, услуги репетиторов;Дегтярный пер., 6, стр. 1, Москва;+7 (499) 955-48-23;godege.ru
Образовательный Стандарт - Многопрофильный консалтинговый центр;Учебный центр, центр повышения квалификации, дополнительное образование;ул. Ленинская Слобода, 26, стр. 5, Москва;+7 (495) 120-31-32;ostandart.ru
Государственное бюджетное образовательное учреждение города Москвы дополнительного профессионального образования повышение квалификации специалистов;Дополнительное образование, управление образованием, центр повышения квалификации;Воронцовская ул., 6А, стр. 1, Москва;+7 (495) 912-63-37;mosmetod.ru
Авиашкола Аэрофлота;Центр повышения квалификации;Мишина ул., 56, стр. 2, Москва;+7 (495) 981-55-20;www.avb.ru
Государственные Центральные Курсы иностранных языков Ин-яз;Курсы иностранных языков, дополнительное образование, учебный центр;ул. Можайский Вал, 2, Москва;+7 (499) 240-22-65;goscourses.elearn.ru
Джельсомино;Центр развития ребёнка, курсы и мастер-классы, дополнительное образование;Шелепихинская наб., 22, Москва;+7 (966) 262-49-92;dzhelsomino.ru
Центр Повышения Квалификации;Центр повышения квалификации, дополнительное образование, учебный центр;Бауманская ул., 43/1с1, Москва;+7 (495) 374-92-87;msk-medical.ru
Академия Медицинского Образования;Дополнительное образование, центр повышения квалификации;Газетный пер., 3/5с1, Москва;+7 (495) 481-48-15;medobr.com
Гасис Учебный центр ТаксМастерс;Центр повышения квалификации, бухгалтерские курсы;Трифоновская ул., 57, стр. 2, Москва;+7 (910) 406-44-22;www.taxmasters.ru
Центр профессионального развития Профи-карьера;Учебный центр, центр повышения квалификации, дополнительное образование;Воронцовская ул., 35Б, корп. 1, Москва;+7 (495) 150-18-17;www.seminarna.ru
Школа парикмахерского искусства Кристины Быковой;Обучение мастеров для салонов красоты, курсы и мастер-классы, дополнительное образование;просп. Мира, 102, стр. 34, Москва;+7 (965) 160-86-20;kristinabykova.ru
УКЦ Панорама;Учебный центр, центр повышения квалификации, бухгалтерские курсы;1-я Брестская ул., 66, Москва;+7 (495) 502-23-99;gaapsoft.ru
Fast Lane;Компьютерные курсы, центр повышения квалификации, бизнес-школа;ул. Плеханова, 4А, Москва;+7 (495) 668-11-94;www.flane.ru
АНО ДО Учебно-тренажерный центр Курс;Учебный центр, центр повышения квалификации, судостроение, судоремонт;Береговой пр., вл7с1, село Беседы;+7 (495) 790-25-01;tc-cours.ru
iQ-центр;Услуги репетиторов, курсы и мастер-классы, дополнительное образование;Можайское ш., 100А, Одинцово;+7 (968) 580-40-75;iq-centr.ru
Институт Психологии и Психоанализа;Дополнительное образование, центр повышения квалификации;Чистопрудный бул., 21, Москва;+7 (495) 625-59-70;psychic.ru
Центр Электробезопасности;Дополнительное образование, центр повышения квалификации, учебный центр;Варшавское ш., 125Ж, корп. 6, Москва;+7 (495) 220-84-56;центр-электробезопасности.рф
ЕГЭ-Центр;Дополнительное образование, учебный центр, услуги репетиторов;Мясницкая ул., 40, стр. 1, Москва;+7 (901) 256-68-03;ege-tsentr.ru
ФГАОУ ДПО Государственный институт новых форм обучения;Дополнительное образование, центр повышения квалификации;Автозаводская ул., 16, стр. 5, Москва;+7 (929) 519-37-44;ginfo-edu.org
Институт профессиональных бухгалтеров и аудиторов России;Бухгалтерские курсы, дополнительное образование;Тверская ул., 22Б, стр. 3, Москва;8 (800) 500-54-51;www.ipbr.org
Столичный институт иностранных языков;Учебный центр, курсы иностранных языков, центр повышения квалификации, дополнительное образование;Мясницкая ул., 7, стр. 11, Москва;+7 (495) 623-10-35;ooosiija.wixsite.com
Центр Эфдизайн;Курсы и мастер-классы, учебный центр;Большая Грузинская ул., 32, стр. 1, Москва;+7 (499) 254-10-94;www.efdesign.ru
Курсы фитнеса Анатомия;Курсы и мастер-классы, центр повышения квалификации, учебный центр;ул. Новый Арбат, 21, Москва;+7 (977) 755-09-61;anatomy-fitness.ru
Учебный центр РЭУ им. Г. В. Плеханова МПТ;Дополнительное образование, центр повышения квалификации, техникум;Нахимовский просп., 21, Москва;+7 (903) 105-90-17;ucmpt.ru
Академия успеха Макарофф;Учебный центр, курсы и мастер-классы, обучение мастеров для салонов красоты;Марксистская ул., 34, корп. 5, Москва;+7 (901) 147-96-83;akademiyauspeha.ru
Start School;Курсы иностранных языков, курсы и мастер-классы, учебный центр;Смольная ул., 24Б, Москва;+7 (495) 233-52-92;startschool-msk.ru
Мцпс;Центр повышения квалификации, курсы и мастер-классы, тренинги;Ленинский просп., 15, Москва;+7 (499) 350-50-89;icpp.pro
Учебный центр;Компьютерные курсы, курсы и мастер-классы, обучение мастеров для салонов красоты, бухгалтерские курсы;Лесная ул., 39, Москва;+7 (495) 961-33-48;edu-line.ru
Литературные курсы Воронцова;Курсы и мастер-классы, центр повышения квалификации, дополнительное образование;ул. Арбат, 20, Москва;+7 (978) 900-75-93;zachalo.ru
Институт деловой карьеры;ВУЗ, дополнительное образование;Нижегородская ул., 32, стр. 5, Москва;8 (800) 600-49-95;www.ideka.ru
Международный институт менеджмента объединений предпринимателей ТПП РФ;Дополнительное образование, центр повышения квалификации, учебный центр, бизнес-школа, бухгалтерские курсы;Чистопрудный бул., 5, Москва;+7 (495) 134-34-71;www.iimba.ru
Московская школа управления Сколково;Бизнес-школа, центр повышения квалификации, дополнительное образование;Новая ул., 100, д. Сколково;+7 (495) 539-30-03;www.skolkovo.ru
Российский экономический университет им. Г. В. Плеханова;ВУЗ;Стремянный пер., 36, Москва;+7 (495) 958-28-31;www.rea.ru
Школа Сотрудничества;Частная школа, дополнительное образование;ул. Александра Солженицына, 9А, Москва;+7 (495) 911-99-91;www.cooperation.ru
Университет Синергия;ВУЗ, центр повышения квалификации, колледж;Ленинградский просп., 80, корп. Г, Москва;+7 (495) 004-08-94;universitysynergy.ru
Институт дополнительного профессионального образования работников социальной сферы;Центр повышения квалификации, дополнительное образование, учебный центр;1-й Басманный пер., 10, Москва;+7 (495) 607-50-65;soc-education.ru
Деловой учебный центр;Центр повышения квалификации, дополнительное образование;ул. Петра Романова, 7, стр. 1, Москва;+7 (495) 970-07-33;dycpro.ru
Институт профессионального образования;Дополнительное образование, центр повышения квалификации, ВУЗ;Дербеневская наб., 11, Москва;8 (800) 555-12-94;ipo.msk.ru
Московская высшая школа экономики;Дополнительное образование, центр повышения квалификации, бухгалтерские курсы;Воронцовская ул., 21, стр. 1, Москва;+7 (910) 404-08-03;mos-extern.ru
Российская академия народного хозяйства и государственной службы;ВУЗ;просп. Вернадского, 84, стр. 1, Москва;+7 (499) 956-99-99;ranepa.ru
Московский архитектурный институт;ВУЗ;ул. Рождественка, 11, стр. 2, Москва;+7 (495) 625-50-82;marhi.ru
Государственное бюджетное профессиональное образовательное учреждение города Москвы Московский колледж бизнес-технологий;Колледж, дополнительное образование;ул. Пресненский Вал, 15, стр. 1, Москва;+7 (499) 253-59-31;cbcol.mskobr.ru
Российский университет транспорта;ВУЗ;ул. Образцова, 9, стр. 9, Москва;+7 (495) 260-23-32;www.miit.ru
Торгово-промышленная палата Российской Федерации;Торгово-промышленная палата, общественная организация, ассоциации и промышленные союзы;ул. Ильинка, 5/2, Москва;+7 (495) 620-00-09;www.tpprf.ru
МГПУ, Испо им. К. Д. Ушинского, колледж Измайлово;ВУЗ;Измайловский бул., 19, Москва;+7 (499) 163-00-71;www.mgpu.ru
РЭУ им. Плеханова, Экономический лицей;Лицей, гимназия;ул. Зацепа, 41, корп. 4, Москва;+7 (495) 280-03-67;www.rea.ru
Автономная некоммерческая организация дополнительного профессионального образования Учебный центр Информзащита;Учебный центр, центр повышения квалификации, информационная безопасность;ул. Образцова, 38, стр. 1, Москва;+7 (495) 980-23-45 (доб. 04);itsecurity.ru
Moscow Business School;Дополнительное образование, курсы и мастер-классы, бизнес-школа;Ленинский просп., 38А, Москва;+7 (495) 414-39-23;mbschool.ru
Московский гуманитарный университет;ВУЗ;ул. Юности, 5, Москва;+7 (499) 374-51-51;mosgu.ru
Московский центр качества образования;Управление образованием, дополнительное образование;Семёновская площадь, 4, Москва;+7 (499) 638-23-52;mcko.ru
Институт профессиональной переподготовки;Дополнительное образование, центр повышения квалификации, ВУЗ;Дмитровское ш., 60, Москва;+7 (495) 768-03-05;professional-education.ru
Специалист при МГТУ им. Баумана;Учебный центр, курсы и мастер-классы, компьютерные курсы;Бауманская ул., 6, стр. 2, Москва;+7 (495) 232-32-16;www.specialist.ru
ГБПОУ Ок Юго-Запад;Колледж, детский сад, ясли, общеобразовательная школа;ул. Дмитрия Ульянова, 26, корп. 1, Москва;+7 (499) 124-36-59;spo39.mskobr.ru
